designation,type,edi_name,manual_label,weight_lb_ft,area_sq_in,depth_in,flange_w_in,web_t_in,flange_t_in
W44X408,W,W44X408,W44X408,408.0,120.0,44.8,16.1,1.22,2.17
W44X368,W,W44X368,W44X368,368.0,108.0,44.4,16.0,1.1,1.97
W44X335,W,W44X335,W44X335,335.0,98.5,44.0,15.9,1.03,1.77
W44X290,W,W44X290,W44X290,290.0,85.4,43.6,15.8,0.865,1.58
W44X262,W,W44X262,W44X262,262.0,77.2,43.3,15.8,0.785,1.42
W44X230,W,W44X230,W44X230,230.0,67.8,42.9,15.8,0.71,1.22
W40X655,W,W40X655,W40X655,655.0,193.0,43.6,16.9,1.97,3.54
W40X593,W,W40X593,W40X593,593.0,174.0,43.0,16.7,1.79,3.23
W40X503,W,W40X503,W40X503,503.0,148.0,42.1,16.4,1.54,2.76
W40X431,W,W40X431,W40X431,431.0,127.0,41.3,16.2,1.34,2.36
W40X397,W,W40X397,W40X397,397.0,117.0,41.0,16.1,1.22,2.2
W40X372,W,W40X372,W40X372,372.0,110.0,40.6,16.1,1.16,2.05
W40X362,W,W40X362,W40X362,362.0,106.0,40.6,16.0,1.12,2.01
W40X324,W,W40X324,W40X324,324.0,95.3,40.2,15.9,1.0,1.81
W40X297,W,W40X297,W40X297,297.0,87.3,39.8,15.8,0.93,1.65
W40X277,W,W40X277,W40X277,277.0,81.5,39.7,15.8,0.83,1.58
W40X249,W,W40X249,W40X249,249.0,73.5,39.4,15.8,0.75,1.42
W40X215,W,W40X215,W40X215,215.0,63.5,39.0,15.8,0.65,1.22
W40X199,W,W40X199,W40X199,199.0,58.8,38.7,15.8,0.65,1.07
W40X392,W,W40X392,W40X392,392.0,116.0,41.6,12.4,1.42,2.52
W40X331,W,W40X331,W40X331,331.0,97.7,40.8,12.2,1.22,2.13
W40X327,W,W40X327,W40X327,327.0,95.9,40.8,12.1,1.18,2.13
W40X294,W,W40X294,W40X294,294.0,86.2,40.4,12.0,1.06,1.93
W40X278,W,W40X278,W40X278,278.0,82.3,40.2,12.0,1.03,1.81
W40X264,W,W40X264,W40X264,264.0,77.4,40.0,11.9,0.96,1.73
W40X235,W,W40X235,W40X235,235.0,69.1,39.7,11.9,0.83,1.58
W40X211,W,W40X211,W40X211,211.0,62.1,39.4,11.8,0.75,1.42
W40X183,W,W40X183,W40X183,183.0,53.3,39.0,11.8,0.65,1.2
W40X167,W,W40X167,W40X167,167.0,49.3,38.6,11.8,0.65,1.03
W40X149,W,W40X149,W40X149,149.0,43.8,38.2,11.8,0.63,0.83
W36X925,W,W36X925,W36X925,925.0,272.0,43.1,18.6,3.02,4.53
W36X853,W,W36X853,W36X853,853.0,251.0,43.1,18.2,2.52,4.53
W36X802,W,W36X802,W36X802,802.0,236.0,42.6,18.0,2.38,4.29
W36X723,W,W36X723,W36X723,723.0,213.0,41.8,17.8,2.17,3.9
W36X652,W,W36X652,W36X652,652.0,192.0,41.1,17.6,1.97,3.54
W36X529,W,W36X529,W36X529,529.0,156.0,39.8,17.2,1.61,2.91
W36X487,W,W36X487,W36X487,487.0,143.0,39.3,17.1,1.5,2.68
W36X441,W,W36X441,W36X441,441.0,130.0,38.9,17.0,1.36,2.44
W36X395,W,W36X395,W36X395,395.0,116.0,38.4,16.8,1.22,2.2
W36X361,W,W36X361,W36X361,361.0,106.0,38.0,16.7,1.12,2.01
W36X330,W,W36X330,W36X330,330.0,96.9,37.7,16.6,1.02,1.85
W36X302,W,W36X302,W36X302,302.0,89.0,37.3,16.7,0.945,1.68
W36X282,W,W36X282,W36X282,282.0,82.9,37.1,16.6,0.885,1.57
W36X262,W,W36X262,W36X262,262.0,77.2,36.9,16.6,0.84,1.44
W36X247,W,W36X247,W36X247,247.0,72.5,36.7,16.5,0.8,1.35
W36X231,W,W36X231,W36X231,231.0,68.2,36.5,16.5,0.76,1.26
W36X387,W,W36X387,W36X387,387.0,114.0,39.1,12.7,1.42,2.56
W36X350,W,W36X350,W36X350,350.0,103.0,38.6,12.6,1.3,2.32
W36X318,W,W36X318,W36X318,318.0,93.4,38.2,12.4,1.18,2.13
W36X286,W,W36X286,W36X286,286.0,83.9,37.8,12.3,1.06,1.93
W36X256,W,W36X256,W36X256,256.0,75.3,37.4,12.2,0.96,1.73
W36X232,W,W36X232,W36X232,232.0,68.0,37.1,12.1,0.87,1.57
W36X210,W,W36X210,W36X210,210.0,61.9,36.7,12.2,0.83,1.36
W36X194,W,W36X194,W36X194,194.0,57.0,36.5,12.1,0.765,1.26
W36X182,W,W36X182,W36X182,182.0,53.6,36.3,12.1,0.725,1.18
W36X170,W,W36X170,W36X170,170.0,50.0,36.2,12.0,0.68,1.1
W36X160,W,W36X160,W36X160,160.0,47.0,36.0,12.0,0.65,1.02
W36X150,W,W36X150,W36X150,150.0,44.3,35.9,12.0,0.625,0.94
W36X135,W,W36X135,W36X135,135.0,39.9,35.6,12.0,0.6,0.79
W33X387,W,W33X387,W33X387,387.0,114.0,36.0,16.2,1.26,2.28
W33X354,W,W33X354,W33X354,354.0,104.0,35.6,16.1,1.16,2.09
W33X318,W,W33X318,W33X318,318.0,93.7,35.2,16.0,1.04,1.89
W33X291,W,W33X291,W33X291,291.0,85.6,34.8,15.9,0.96,1.73
W33X263,W,W33X263,W33X263,263.0,77.4,34.5,15.8,0.87,1.57
W33X241,W,W33X241,W33X241,241.0,71.1,34.2,15.9,0.83,1.4
W33X221,W,W33X221,W33X221,221.0,65.3,33.9,15.8,0.775,1.28
W33X201,W,W33X201,W33X201,201.0,59.1,33.7,15.7,0.715,1.15
W33X169,W,W33X169,W33X169,169.0,49.5,33.8,11.5,0.67,1.22
W33X152,W,W33X152,W33X152,152.0,44.9,33.5,11.6,0.635,1.06
W33X141,W,W33X141,W33X141,141.0,41.5,33.3,11.5,0.605,0.96
W33X130,W,W33X130,W33X130,130.0,38.3,33.1,11.5,0.58,0.855
W33X118,W,W33X118,W33X118,118.0,34.7,32.9,11.5,0.55,0.74
W30X391,W,W30X391,W30X391,391.0,115.0,33.2,15.6,1.36,2.44
W30X357,W,W30X357,W30X357,357.0,105.0,32.8,15.5,1.24,2.24
W30X326,W,W30X326,W30X326,326.0,95.9,32.4,15.4,1.14,2.05
W30X292,W,W30X292,W30X292,292.0,86.0,32.0,15.3,1.02,1.85
W30X261,W,W30X261,W30X261,261.0,77.0,31.6,15.2,0.93,1.65
W30X235,W,W30X235,W30X235,235.0,69.3,31.3,15.1,0.83,1.5
W30X211,W,W30X211,W30X211,211.0,62.3,30.9,15.1,0.775,1.32
W30X191,W,W30X191,W30X191,191.0,56.1,30.7,15.0,0.71,1.19
W30X173,W,W30X173,W30X173,173.0,50.9,30.4,15.0,0.655,1.07
W30X148,W,W30X148,W30X148,148.0,43.6,30.7,10.5,0.65,1.18
W30X132,W,W30X132,W30X132,132.0,38.8,30.3,10.5,0.615,1.0
W30X124,W,W30X124,W30X124,124.0,36.5,30.2,10.5,0.585,0.93
W30X116,W,W30X116,W30X116,116.0,34.2,30.0,10.5,0.565,0.85
W30X108,W,W30X108,W30X108,108.0,31.7,29.8,10.5,0.545,0.76
W30X99,W,W30X99,W30X99,99.0,29.0,29.7,10.5,0.52,0.67
W30X90,W,W30X90,W30X90,90.0,26.3,29.5,10.4,0.47,0.61
W27X539,W,W27X539,W27X539,539.0,159.0,32.5,15.3,1.97,3.54
W27X368,W,W27X368,W27X368,368.0,109.0,30.4,14.7,1.38,2.48
W27X336,W,W27X336,W27X336,336.0,99.2,30.0,14.6,1.26,2.28
W27X307,W,W27X307,W27X307,307.0,90.2,29.6,14.4,1.16,2.09
W27X281,W,W27X281,W27X281,281.0,83.1,29.3,14.4,1.06,1.93
W27X258,W,W27X258,W27X258,258.0,76.1,29.0,14.3,0.98,1.77
W27X235,W,W27X235,W27X235,235.0,69.4,28.7,14.2,0.91,1.61
W27X217,W,W27X217,W27X217,217.0,63.9,28.4,14.1,0.83,1.5
W27X194,W,W27X194,W27X194,194.0,57.1,28.1,14.0,0.75,1.34
W27X178,W,W27X178,W27X178,178.0,52.5,27.8,14.1,0.725,1.19
W27X161,W,W27X161,W27X161,161.0,47.6,27.6,14.0,0.66,1.08
W27X146,W,W27X146,W27X146,146.0,43.2,27.4,14.0,0.605,0.975
W27X129,W,W27X129,W27X129,129.0,37.8,27.6,10.0,0.61,1.1
W27X114,W,W27X114,W27X114,114.0,33.6,27.3,10.1,0.57,0.93
W27X102,W,W27X102,W27X102,102.0,30.0,27.1,10.0,0.515,0.83
W27X94,W,W27X94,W27X94,94.0,27.6,26.9,10.0,0.49,0.745
W27X84,W,W27X84,W27X84,84.0,24.7,26.7,10.0,0.46,0.64
W24X370,W,W24X370,W24X370,370.0,109.0,28.0,13.7,1.52,2.72
W24X335,W,W24X335,W24X335,335.0,98.3,27.5,13.5,1.38,2.48
W24X306,W,W24X306,W24X306,306.0,89.7,27.1,13.4,1.26,2.28
W24X279,W,W24X279,W24X279,279.0,81.9,26.7,13.3,1.16,2.09
W24X250,W,W24X250,W24X250,250.0,73.5,26.3,13.2,1.04,1.89
W24X229,W,W24X229,W24X229,229.0,67.2,26.0,13.1,0.96,1.73
W24X207,W,W24X207,W24X207,207.0,60.7,25.7,13.0,0.87,1.57
W24X192,W,W24X192,W24X192,192.0,56.5,25.5,13.0,0.81,1.46
W24X176,W,W24X176,W24X176,176.0,51.7,25.2,12.9,0.75,1.34
W24X162,W,W24X162,W24X162,162.0,47.8,25.0,13.0,0.705,1.22
W24X146,W,W24X146,W24X146,146.0,43.0,24.7,12.9,0.65,1.09
W24X131,W,W24X131,W24X131,131.0,38.6,24.5,12.9,0.605,0.96
W24X117,W,W24X117,W24X117,117.0,34.4,24.3,12.8,0.55,0.85
W24X104,W,W24X104,W24X104,104.0,30.7,24.1,12.8,0.5,0.75
W24X103,W,W24X103,W24X103,103.0,30.3,24.5,9.0,0.55,0.98
W24X94,W,W24X94,W24X94,94.0,27.7,24.3,9.07,0.515,0.875
W24X84,W,W24X84,W24X84,84.0,24.7,24.1,9.02,0.47,0.77
W24X76,W,W24X76,W24X76,76.0,22.4,23.9,8.99,0.44,0.68
W24X68,W,W24X68,W24X68,68.0,20.1,23.7,8.97,0.415,0.585
W24X62,W,W24X62,W24X62,62.0,18.2,23.7,7.04,0.43,0.59
W24X55,W,W24X55,W24X55,55.0,16.2,23.6,7.01,0.395,0.505
W21X275,W,W21X275,W21X275,275.0,81.8,24.1,12.9,1.22,2.19
W21X248,W,W21X248,W21X248,248.0,73.8,23.7,12.8,1.1,1.99
W21X223,W,W21X223,W21X223,223.0,66.5,23.4,12.7,1.0,1.79
W21X201,W,W21X201,W21X201,201.0,59.3,23.0,12.6,0.91,1.63
W21X182,W,W21X182,W21X182,182.0,53.6,22.7,12.5,0.83,1.48
W21X166,W,W21X166,W21X166,166.0,48.8,22.5,12.4,0.75,1.36
W21X147,W,W21X147,W21X147,147.0,43.2,22.1,12.5,0.72,1.15
W21X132,W,W21X132,W21X132,132.0,38.8,21.8,12.4,0.65,1.04
W21X122,W,W21X122,W21X122,122.0,35.9,21.7,12.4,0.6,0.96
W21X111,W,W21X111,W21X111,111.0,32.6,21.5,12.3,0.55,0.875
W21X101,W,W21X101,W21X101,101.0,29.8,21.4,12.3,0.5,0.8
W21X93,W,W21X93,W21X93,93.0,27.3,21.6,8.42,0.58,0.93
W21X83,W,W21X83,W21X83,83.0,24.4,21.4,8.36,0.515,0.835
W21X73,W,W21X73,W21X73,73.0,21.5,21.2,8.3,0.455,0.74
W21X68,W,W21X68,W21X68,68.0,20.0,21.1,8.27,0.43,0.685
W21X62,W,W21X62,W21X62,62.0,18.3,21.0,8.24,0.4,0.615
W21X55,W,W21X55,W21X55,55.0,16.2,20.8,8.22,0.375,0.522
W21X48,W,W21X48,W21X48,48.0,14.1,20.6,8.14,0.35,0.43
W21X57,W,W21X57,W21X57,57.0,16.7,21.1,6.56,0.405,0.65
W21X50,W,W21X50,W21X50,50.0,14.7,20.8,6.53,0.38,0.535
W21X44,W,W21X44,W21X44,44.0,13.0,20.7,6.5,0.35,0.45
W18X311,W,W18X311,W18X311,311.0,91.6,22.3,12.0,1.52,2.74
W18X283,W,W18X283,W18X283,283.0,83.3,21.9,11.9,1.4,2.5
W18X258,W,W18X258,W18X258,258.0,76.0,21.5,11.8,1.28,2.3
W18X234,W,W18X234,W18X234,234.0,68.6,21.1,11.7,1.16,2.11
W18X211,W,W18X211,W18X211,211.0,62.3,20.7,11.6,1.06,1.91
W18X192,W,W18X192,W18X192,192.0,56.2,20.4,11.5,0.96,1.75
W18X175,W,W18X175,W18X175,175.0,51.4,20.0,11.4,0.89,1.59
W18X158,W,W18X158,W18X158,158.0,46.3,19.7,11.3,0.81,1.44
W18X143,W,W18X143,W18X143,143.0,42.0,19.5,11.2,0.73,1.32
W18X130,W,W18X130,W18X130,130.0,38.3,19.3,11.2,0.67,1.2
W18X119,W,W18X119,W18X119,119.0,35.1,19.0,11.3,0.655,1.06
W18X106,W,W18X106,W18X106,106.0,31.1,18.7,11.2,0.59,0.94
W18X97,W,W18X97,W18X97,97.0,28.5,18.6,11.1,0.535,0.87
W18X86,W,W18X86,W18X86,86.0,25.3,18.4,11.1,0.48,0.77
W18X76,W,W18X76,W18X76,76.0,22.3,18.2,11.0,0.425,0.68
W18X71,W,W18X71,W18X71,71.0,20.9,18.5,7.64,0.495,0.81
W18X65,W,W18X65,W18X65,65.0,19.1,18.4,7.59,0.45,0.75
W18X60,W,W18X60,W18X60,60.0,17.6,18.2,7.56,0.415,0.695
W18X55,W,W18X55,W18X55,55.0,16.2,18.1,7.53,0.39,0.63
W18X50,W,W18X50,W18X50,50.0,14.7,18.0,7.5,0.355,0.57
W18X46,W,W18X46,W18X46,46.0,13.5,18.1,6.06,0.36,0.605
W18X40,W,W18X40,W18X40,40.0,11.8,17.9,6.02,0.315,0.525
W18X35,W,W18X35,W18X35,35.0,10.3,17.7,6.0,0.3,0.425
W16X100,W,W16X100,W16X100,100.0,29.4,17.0,10.4,0.585,0.985
W16X89,W,W16X89,W16X89,89.0,26.2,16.8,10.4,0.525,0.875
W16X77,W,W16X77,W16X77,77.0,22.6,16.5,10.3,0.455,0.76
W16X67,W,W16X67,W16X67,67.0,19.6,16.3,10.2,0.395,0.665
W16X57,W,W16X57,W16X57,57.0,16.8,16.4,7.12,0.43,0.715
W16X50,W,W16X50,W16X50,50.0,14.7,16.3,7.07,0.38,0.63
W16X45,W,W16X45,W16X45,45.0,13.3,16.1,7.04,0.345,0.565
W16X40,W,W16X40,W16X40,40.0,11.8,16.0,7.0,0.305,0.505
W16X36,W,W16X36,W16X36,36.0,10.6,15.9,6.99,0.295,0.43
W16X31,W,W16X31,W16X31,31.0,9.13,15.9,5.53,0.275,0.44
W16X26,W,W16X26,W16X26,26.0,7.68,15.7,5.5,0.25,0.345
W14X873,W,W14X873,W14X873,873.0,257.0,23.6,18.8,3.94,5.51
W14X808,W,W14X808,W14X808,808.0,238.0,22.8,18.6,3.74,5.12
W14X730,W,W14X730,W14X730,730.0,215.0,22.4,17.9,3.07,4.91
W14X665,W,W14X665,W14X665,665.0,196.0,21.6,17.7,2.83,4.52
W14X605,W,W14X605,W14X605,605.0,178.0,20.9,17.4,2.6,4.16
W14X550,W,W14X550,W14X550,550.0,162.0,20.2,17.2,2.38,3.82
W14X500,W,W14X500,W14X500,500.0,147.0,19.6,17.0,2.19,3.5
W14X455,W,W14X455,W14X455,455.0,134.0,19.0,16.8,2.02,3.21
W14X426,W,W14X426,W14X426,426.0,125.0,18.7,16.7,1.88,3.04
W14X398,W,W14X398,W14X398,398.0,117.0,18.3,16.6,1.77,2.85
W14X370,W,W14X370,W14X370,370.0,109.0,17.9,16.5,1.66,2.66
W14X342,W,W14X342,W14X342,342.0,101.0,17.5,16.4,1.54,2.47
W14X311,W,W14X311,W14X311,311.0,91.4,17.1,16.2,1.41,2.26
W14X283,W,W14X283,W14X283,283.0,83.3,16.7,16.1,1.29,2.07
W14X257,W,W14X257,W14X257,257.0,75.6,16.4,16.0,1.18,1.89
W14X233,W,W14X233,W14X233,233.0,68.5,16.0,15.9,1.07,1.72
W14X211,W,W14X211,W14X211,211.0,62.0,15.7,15.8,0.98,1.56
W14X193,W,W14X193,W14X193,193.0,56.8,15.5,15.7,0.89,1.44
W14X176,W,W14X176,W14X176,176.0,51.8,15.2,15.7,0.83,1.31
W14X159,W,W14X159,W14X159,159.0,46.7,15.0,15.6,0.745,1.19
W14X145,W,W14X145,W14X145,145.0,42.7,14.8,15.5,0.68,1.09
W14X132,W,W14X132,W14X132,132.0,38.8,14.7,14.7,0.645,1.03
W14X120,W,W14X120,W14X120,120.0,35.3,14.5,14.7,0.59,0.94
W14X109,W,W14X109,W14X109,109.0,32.0,14.3,14.6,0.525,0.86
W14X99,W,W14X99,W14X99,99.0,29.1,14.2,14.6,0.485,0.78
W14X90,W,W14X90,W14X90,90.0,26.5,14.0,14.5,0.44,0.71
W14X82,W,W14X82,W14X82,82.0,24.0,14.3,10.1,0.51,0.855
W14X74,W,W14X74,W14X74,74.0,21.8,14.2,10.1,0.45,0.785
W14X68,W,W14X68,W14X68,68.0,20.0,14.0,10.0,0.415,0.72
W14X61,W,W14X61,W14X61,61.0,17.9,13.9,10.0,0.375,0.645
W14X53,W,W14X53,W14X53,53.0,15.6,13.9,8.06,0.37,0.66
W14X48,W,W14X48,W14X48,48.0,14.1,13.8,8.03,0.34,0.595
W14X43,W,W14X43,W14X43,43.0,12.6,13.7,8.0,0.305,0.53
W14X38,W,W14X38,W14X38,38.0,11.2,14.1,6.77,0.31,0.515
W14X34,W,W14X34,W14X34,34.0,10.0,14.0,6.75,0.285,0.455
W14X30,W,W14X30,W14X30,30.0,8.85,13.8,6.73,0.27,0.385
W14X26,W,W14X26,W14X26,26.0,7.69,13.9,5.03,0.255,0.42
W14X22,W,W14X22,W14X22,22.0,6.49,13.7,5.0,0.23,0.335
W12X336,W,W12X336,W12X336,336.0,98.9,16.8,13.4,1.78,2.96
W12X305,W,W12X305,W12X305,305.0,89.5,16.3,13.2,1.63,2.71
W12X279,W,W12X279,W12X279,279.0,81.9,15.9,13.1,1.53,2.47
W12X252,W,W12X252,W12X252,252.0,74.1,15.4,13.0,1.4,2.25
W12X230,W,W12X230,W12X230,230.0,67.7,15.1,12.9,1.29,2.07
W12X210,W,W12X210,W12X210,210.0,61.8,14.7,12.8,1.18,1.9
W12X190,W,W12X190,W12X190,190.0,56.0,14.4,12.7,1.06,1.74
W12X170,W,W12X170,W12X170,170.0,50.0,14.0,12.6,0.96,1.56
W12X152,W,W12X152,W12X152,152.0,44.7,13.7,12.5,0.87,1.4
W12X136,W,W12X136,W12X136,136.0,39.9,13.4,12.4,0.79,1.25
W12X120,W,W12X120,W12X120,120.0,35.2,13.1,12.3,0.71,1.11
W12X106,W,W12X106,W12X106,106.0,31.2,12.9,12.2,0.61,0.99
W12X96,W,W12X96,W12X96,96.0,28.2,12.7,12.2,0.55,0.9
W12X87,W,W12X87,W12X87,87.0,25.6,12.5,12.1,0.515,0.81
W12X79,W,W12X79,W12X79,79.0,23.2,12.4,12.1,0.47,0.735
W12X72,W,W12X72,W12X72,72.0,21.1,12.3,12.0,0.43,0.67
W12X65,W,W12X65,W12X65,65.0,19.1,12.1,12.0,0.39,0.605
W12X58,W,W12X58,W12X58,58.0,17.0,12.2,10.0,0.36,0.64
W12X53,W,W12X53,W12X53,53.0,15.6,12.1,10.0,0.345,0.575
W12X50,W,W12X50,W12X50,50.0,14.6,12.2,8.08,0.37,0.64
W12X45,W,W12X45,W12X45,45.0,13.1,12.1,8.05,0.335,0.575
W12X40,W,W12X40,W12X40,40.0,11.7,11.9,8.01,0.295,0.515
W12X35,W,W12X35,W12X35,35.0,10.3,12.5,6.56,0.3,0.52
W12X30,W,W12X30,W12X30,30.0,8.79,12.3,6.52,0.26,0.44
W12X26,W,W12X26,W12X26,26.0,7.65,12.2,6.49,0.23,0.38
W12X22,W,W12X22,W12X22,22.0,6.48,12.3,4.03,0.26,0.425
W12X19,W,W12X19,W12X19,19.0,5.57,12.2,4.01,0.235,0.35
W12X16,W,W12X16,W12X16,16.0,4.71,12.0,3.99,0.22,0.265
W12X14,W,W12X14,W12X14,14.0,4.16,11.9,3.97,0.2,0.225
W10X112,W,W10X112,W10X112,112.0,32.9,11.4,10.4,0.755,1.25
W10X100,W,W10X100,W10X100,100.0,29.3,11.1,10.3,0.68,1.12
W10X88,W,W10X88,W10X88,88.0,26.0,10.8,10.3,0.605,0.99
W10X77,W,W10X77,W10X77,77.0,22.7,10.6,10.2,0.53,0.87
W10X68,W,W10X68,W10X68,68.0,19.9,10.4,10.1,0.47,0.77
W10X60,W,W10X60,W10X60,60.0,17.7,10.2,10.1,0.42,0.68
W10X54,W,W10X54,W10X54,54.0,15.8,10.1,10.0,0.37,0.615
W10X49,W,W10X49,W10X49,49.0,14.4,10.0,10.0,0.34,0.56
W10X45,W,W10X45,W10X45,45.0,13.3,10.1,8.02,0.35,0.62
W10X39,W,W10X39,W10X39,39.0,11.5,9.92,7.99,0.315,0.53
W10X33,W,W10X33,W10X33,33.0,9.71,9.73,7.96,0.29,0.435
W10X30,W,W10X30,W10X30,30.0,8.84,10.5,5.81,0.3,0.51
W10X26,W,W10X26,W10X26,26.0,7.61,10.3,5.77,0.26,0.44
W10X22,W,W10X22,W10X22,22.0,6.49,10.2,5.75,0.24,0.36
W10X19,W,W10X19,W10X19,19.0,5.62,10.2,4.02,0.25,0.395
W10X17,W,W10X17,W10X17,17.0,4.99,10.1,4.01,0.24,0.33
W10X15,W,W10X15,W10X15,15.0,4.41,9.99,4.0,0.23,0.27
W10X12,W,W10X12,W10X12,12.0,3.54,9.87,3.96,0.19,0.21
W8X67,W,W8X67,W8X67,67.0,19.7,9.0,8.28,0.57,0.935
W8X58,W,W8X58,W8X58,58.0,17.1,8.75,8.22,0.51,0.81
W8X48,W,W8X48,W8X48,48.0,14.1,8.5,8.11,0.4,0.685
W8X40,W,W8X40,W8X40,40.0,11.7,8.25,8.07,0.36,0.56
W8X35,W,W8X35,W8X35,35.0,10.3,8.12,8.02,0.31,0.495
W8X31,W,W8X31,W8X31,31.0,9.13,8.0,8.0,0.285,0.435
W8X28,W,W8X28,W8X28,28.0,8.25,8.06,6.54,0.285,0.465
W8X24,W,W8X24,W8X24,24.0,7.08,7.93,6.5,0.245,0.4
W8X21,W,W8X21,W8X21,21.0,6.16,8.28,5.27,0.25,0.4
W8X18,W,W8X18,W8X18,18.0,5.26,8.14,5.25,0.23,0.33
W8X15,W,W8X15,W8X15,15.0,4.44,8.11,4.02,0.245,0.315
W8X13,W,W8X13,W8X13,13.0,3.84,7.99,4.0,0.23,0.255
W8X10,W,W8X10,W8X10,10.0,2.96,7.89,3.94,0.17,0.205
W6X25,W,W6X25,W6X25,25.0,7.34,6.38,6.08,0.32,0.455
W6X20,W,W6X20,W6X20,20.0,5.87,6.2,6.02,0.26,0.365
W6X15,W,W6X15,W6X15,15.0,4.43,5.99,5.99,0.23,0.26
W6X16,W,W6X16,W6X16,16.0,4.74,6.28,4.03,0.26,0.405
W6X12,W,W6X12,W6X12,12.0,3.55,6.03,4.0,0.23,0.28
W6X9,W,W6X9,W6X9,9.0,2.68,5.9,3.94,0.17,0.215
W6X8.5,W,W6X8.5,W6X8.5,8.5,2.52,5.83,3.94,0.17,0.195
W5X19,W,W5X19,W5X19,19.0,5.56,5.15,5.03,0.27,0.43
W5X16,W,W5X16,W5X16,16.0,4.71,5.01,5.0,0.24,0.36
W4X13,W,W4X13,W4X13,13.0,3.83,4.16,4.06,0.28,0.345
M12.5X12.4,M,M12.5X12.4,M12.5X12.4,12.4,3.63,12.5,3.75,0.155,0.228
M12.5X11.6,M,M12.5X11.6,M12.5X11.6,11.6,3.4,12.5,3.5,0.155,0.211
M12X11.8,M,M12X11.8,M12X11.8,11.8,3.47,12.0,3.07,0.177,0.225
M12X10.8,M,M12X10.8,M12X10.8,10.8,3.18,12.0,3.07,0.16,0.21
M12X10,M,M12X10,M12X10,10.0,2.95,12.0,3.25,0.149,0.18
M10X9,M,M10X9,M10X9,9.0,2.65,10.0,2.69,0.157,0.206
M10X8,M,M10X8,M10X8,8.0,2.37,9.95,2.69,0.141,0.182
M10X7.5,M,M10X7.5,M10X7.5,7.5,2.22,9.99,2.69,0.13,0.173
M8X6.5,M,M8X6.5,M8X6.5,6.5,1.92,8.0,2.28,0.135,0.189
M8X6.2,M,M8X6.2,M8X6.2,6.2,1.82,8.0,2.28,0.129,0.177
M6X4.4,M,M6X4.4,M6X4.4,4.4,1.29,6.0,1.84,0.114,0.171
M6X3.7,M,M6X3.7,M6X3.7,3.7,1.09,5.92,2.0,0.098,0.129
M5X18.9,M,M5X18.9,M5X18.9,18.9,5.56,5.0,5.0,0.316,0.416
M4X6,M,M4X6,M4X6,6.0,1.75,3.8,3.8,0.13,0.16
M4X4.08,M,M4X4.08,M4X4.08,4.08,1.27,4.0,2.25,0.115,0.17
M3X2.9,M,M3X2.9,M3X2.9,2.9,0.91,3.0,2.25,0.09,0.13
S24X121,S,S24X121,S24X121,121.0,35.5,24.5,8.05,0.8,1.09
S24X106,S,S24X106,S24X106,106.0,31.1,24.5,7.87,0.62,1.09
S24X100,S,S24X100,S24X100,100.0,29.3,24.0,7.25,0.745,0.87
S24X90,S,S24X90,S24X90,90.0,26.5,24.0,7.13,0.625,0.87
S24X80,S,S24X80,S24X80,80.0,23.5,24.0,7.0,0.5,0.87
S20X96,S,S20X96,S20X96,96.0,28.2,20.3,7.2,0.8,0.92
S20X86,S,S20X86,S20X86,86.0,25.3,20.3,7.06,0.66,0.92
S20X75,S,S20X75,S20X75,75.0,22.0,20.0,6.39,0.635,0.795
S20X66,S,S20X66,S20X66,66.0,19.4,20.0,6.26,0.505,0.795
S18X70,S,S18X70,S18X70,70.0,20.5,18.0,6.25,0.711,0.691
S18X54.7,S,S18X54.7,S18X54.7,54.7,16.0,18.0,6.0,0.461,0.691
S15X50,S,S15X50,S15X50,50.0,14.7,15.0,5.64,0.55,0.622
S15X42.9,S,S15X42.9,S15X42.9,42.9,12.6,15.0,5.5,0.411,0.622
S12X50,S,S12X50,S12X50,50.0,14.7,12.0,5.48,0.687,0.659
S12X40.8,S,S12X40.8,S12X40.8,40.8,11.9,12.0,5.25,0.462,0.659
S12X35,S,S12X35,S12X35,35.0,10.2,12.0,5.08,0.428,0.544
S12X31.8,S,S12X31.8,S12X31.8,31.8,9.31,12.0,5.0,0.35,0.544
S10X35,S,S10X35,S10X35,35.0,10.3,10.0,4.94,0.594,0.491
S10X25.4,S,S10X25.4,S10X25.4,25.4,7.45,10.0,4.66,0.311,0.491
S8X23,S,S8X23,S8X23,23.0,6.76,8.0,4.17,0.441,0.425
S8X18.4,S,S8X18.4,S8X18.4,18.4,5.4,8.0,4.0,0.271,0.425
S6X17.25,S,S6X17.25,S6X17.25,17.25,5.05,6.0,3.57,0.465,0.359
S6X12.5,S,S6X12.5,S6X12.5,12.5,3.66,6.0,3.33,0.232,0.359
S5X10,S,S5X10,S5X10,10.0,2.93,5.0,3.0,0.214,0.326
S4X9.5,S,S4X9.5,S4X9.5,9.5,2.79,4.0,2.8,0.326,0.293
S4X7.7,S,S4X7.7,S4X7.7,7.7,2.26,4.0,2.66,0.193,0.293
S3X7.5,S,S3X7.5,S3X7.5,7.5,2.2,3.0,2.51,0.349,0.26
S3X5.7,S,S3X5.7,S3X5.7,5.7,1.66,3.0,2.33,0.17,0.26
HP18X204,HP,HP18X204,HP18X204,204.0,60.2,18.3,18.1,1.13,1.13
HP18X181,HP,HP18X181,HP18X181,181.0,53.2,18.0,18.0,1.0,1.0
HP18X157,HP,HP18X157,HP18X157,157.0,46.2,17.7,17.9,0.87,0.87
HP18X135,HP,HP18X135,HP18X135,135.0,39.9,17.5,17.8,0.75,0.75
HP16X183,HP,HP16X183,HP16X183,183.0,54.1,16.5,16.3,1.13,1.13
HP16X162,HP,HP16X162,HP16X162,162.0,47.7,16.3,16.1,1.0,1.0
HP16X141,HP,HP16X141,HP16X141,141.0,41.7,16.0,16.0,0.875,0.875
HP16X121,HP,HP16X121,HP16X121,121.0,35.8,15.8,15.9,0.75,0.75
HP16X101,HP,HP16X101,HP16X101,101.0,29.9,15.5,15.8,0.625,0.625
HP16X88,HP,HP16X88,HP16X88,88.0,25.8,15.3,15.7,0.54,0.54
HP14X117,HP,HP14X117,HP14X117,117.0,34.4,14.2,14.9,0.805,0.805
HP14X102,HP,HP14X102,HP14X102,102.0,30.1,14.0,14.8,0.705,0.705
HP14X89,HP,HP14X89,HP14X89,89.0,26.1,13.8,14.7,0.615,0.615
HP14X73,HP,HP14X73,HP14X73,73.0,21.4,13.6,14.6,0.505,0.505
HP12X89,HP,HP12X89,HP12X89,89.0,25.9,12.4,12.3,0.72,0.72
HP12X84,HP,HP12X84,HP12X84,84.0,24.6,12.3,12.3,0.685,0.685
HP12X74,HP,HP12X74,HP12X74,74.0,21.8,12.1,12.2,0.605,0.61
HP12X63,HP,HP12X63,HP12X63,63.0,18.4,11.9,12.1,0.515,0.515
HP12X53,HP,HP12X53,HP12X53,53.0,15.5,11.8,12.0,0.435,0.435
HP10X57,HP,HP10X57,HP10X57,57.0,16.7,9.99,10.2,0.565,0.565
HP10X42,HP,HP10X42,HP10X42,42.0,12.4,9.7,10.1,0.415,0.42
HP8X36,HP,HP8X36,HP8X36,36.0,10.6,8.02,8.16,0.445,0.445
C15X50,C,C15X50,C15X50,50.0,14.7,15.0,3.72,0.716,0.65
C15X40,C,C15X40,C15X40,40.0,11.8,15.0,3.52,0.52,0.65
C15X33.9,C,C15X33.9,C15X33.9,33.9,10.0,15.0,3.4,0.4,0.65
C12X30,C,C12X30,C12X30,30.0,8.81,12.0,3.17,0.51,0.501
C12X25,C,C12X25,C12X25,25.0,7.34,12.0,3.05,0.387,0.501
C12X20.7,C,C12X20.7,C12X20.7,20.7,6.08,12.0,2.94,0.282,0.501
C10X30,C,C10X30,C10X30,30.0,8.81,10.0,3.03,0.673,0.436
C10X25,C,C10X25,C10X25,25.0,7.35,10.0,2.89,0.526,0.436
C10X20,C,C10X20,C10X20,20.0,5.87,10.0,2.74,0.379,0.436
C10X15.3,C,C10X15.3,C10X15.3,15.3,4.48,10.0,2.6,0.24,0.436
C9X20,C,C9X20,C9X20,20.0,5.87,9.0,2.65,0.448,0.413
C9X15,C,C9X15,C9X15,15.0,4.4,9.0,2.49,0.285,0.413
C9X13.4,C,C9X13.4,C9X13.4,13.4,3.94,9.0,2.43,0.233,0.413
C8X18.75,C,C8X18.75,C8X18.75,18.75,5.51,8.0,2.53,0.487,0.39
C8X13.75,C,C8X13.75,C8X13.75,13.75,4.03,8.0,2.34,0.303,0.39
C8X11.5,C,C8X11.5,C8X11.5,11.5,3.37,8.0,2.26,0.22,0.39
C7X14.75,C,C7X14.75,C7X14.75,14.75,4.33,7.0,2.3,0.419,0.366
C7X12.25,C,C7X12.25,C7X12.25,12.25,3.59,7.0,2.19,0.314,0.366
C7X9.8,C,C7X9.8,C7X9.8,9.8,2.87,7.0,2.09,0.21,0.366
C6X13,C,C6X13,C6X13,13.0,3.82,6.0,2.16,0.437,0.343
C6X10.5,C,C6X10.5,C6X10.5,10.5,3.07,6.0,2.03,0.314,0.343
C6X8.2,C,C6X8.2,C6X8.2,8.2,2.39,6.0,1.92,0.2,0.343
C5X9,C,C5X9,C5X9,9.0,2.64,5.0,1.89,0.325,0.32
C5X6.7,C,C5X6.7,C5X6.7,6.7,1.97,5.0,1.75,0.19,0.32
C4X7.25,C,C4X7.25,C4X7.25,7.25,2.13,4.0,1.72,0.321,0.296
C4X6.25,C,C4X6.25,C4X6.25,6.25,1.84,4.0,1.65,0.247,0.296
C4X5.4,C,C4X5.4,C4X5.4,5.4,1.58,4.0,1.58,0.184,0.296
C4X4.5,C,C4X4.5,C4X4.5,4.5,1.34,4.0,1.52,0.125,0.296
C3X6,C,C3X6,C3X6,6.0,1.76,3.0,1.6,0.356,0.273
C3X5,C,C3X5,C3X5,5.0,1.47,3.0,1.5,0.258,0.273
C3X4.1,C,C3X4.1,C3X4.1,4.1,1.2,3.0,1.41,0.17,0.273
C3X3.5,C,C3X3.5,C3X3.5,3.5,1.09,3.0,1.37,0.132,0.273
MC18X58,MC,MC18X58,MC18X58,58.0,17.1,18.0,4.2,0.7,0.625
MC18X51.9,MC,MC18X51.9,MC18X51.9,51.9,15.3,18.0,4.1,0.6,0.625
MC18X45.8,MC,MC18X45.8,MC18X45.8,45.8,13.5,18.0,4.0,0.5,0.625
MC18X42.7,MC,MC18X42.7,MC18X42.7,42.7,12.6,18.0,3.95,0.45,0.625
MC13X50,MC,MC13X50,MC13X50,50.0,14.7,13.0,4.41,0.787,0.61
MC13X40,MC,MC13X40,MC13X40,40.0,11.7,13.0,4.19,0.56,0.61
MC13X35,MC,MC13X35,MC13X35,35.0,10.3,13.0,4.07,0.447,0.61
MC13X31.8,MC,MC13X31.8,MC13X31.8,31.8,9.35,13.0,4.0,0.375,0.61
MC12X50,MC,MC12X50,MC12X50,50.0,14.7,12.0,4.14,0.835,0.7
MC12X45,MC,MC12X45,MC12X45,45.0,13.2,12.0,4.01,0.71,0.7
MC12X40,MC,MC12X40,MC12X40,40.0,11.8,12.0,3.89,0.59,0.7
MC12X35,MC,MC12X35,MC12X35,35.0,10.3,12.0,3.77,0.465,0.7
MC12X31,MC,MC12X31,MC12X31,31.0,9.12,12.0,3.67,0.37,0.7
MC12X14.3,MC,MC12X14.3,MC12X14.3,14.3,4.18,12.0,2.12,0.25,0.313
MC12X10.6,MC,MC12X10.6,MC12X10.6,10.6,3.1,12.0,1.5,0.19,0.309
MC10X41.1,MC,MC10X41.1,MC10X41.1,41.1,12.1,10.0,4.32,0.796,0.575
MC10X33.6,MC,MC10X33.6,MC10X33.6,33.6,9.87,10.0,4.1,0.575,0.575
MC10X28.5,MC,MC10X28.5,MC10X28.5,28.5,8.37,10.0,3.95,0.425,0.575
MC10X25,MC,MC10X25,MC10X25,25.0,7.34,10.0,3.41,0.38,0.575
MC10X22,MC,MC10X22,MC10X22,22.0,6.45,10.0,3.32,0.29,0.575
MC10X8.4,MC,MC10X8.4,MC10X8.4,8.4,2.46,10.0,1.5,0.17,0.28
MC10X6.5,MC,MC10X6.5,MC10X6.5,6.5,1.95,10.0,1.17,0.152,0.202
MC9X25.4,MC,MC9X25.4,MC9X25.4,25.4,7.47,9.0,3.5,0.45,0.55
MC9X23.9,MC,MC9X23.9,MC9X23.9,23.9,7.02,9.0,3.45,0.4,0.55
MC8X22.8,MC,MC8X22.8,MC8X22.8,22.8,6.7,8.0,3.5,0.427,0.525
MC8X21.4,MC,MC8X21.4,MC8X21.4,21.4,6.28,8.0,3.45,0.375,0.525
MC8X20,MC,MC8X20,MC8X20,20.0,5.87,8.0,3.03,0.4,0.5
MC8X18.7,MC,MC8X18.7,MC8X18.7,18.7,5.5,8.0,2.98,0.353,0.5
MC8X8.5,MC,MC8X8.5,MC8X8.5,8.5,2.5,8.0,1.87,0.179,0.311
MC7X22.7,MC,MC7X22.7,MC7X22.7,22.7,6.67,7.0,3.6,0.503,0.5
MC7X19.1,MC,MC7X19.1,MC7X19.1,19.1,5.61,7.0,3.45,0.352,0.5
MC6X18,MC,MC6X18,MC6X18,18.0,5.29,6.0,3.5,0.379,0.475
MC6X15.3,MC,MC6X15.3,MC6X15.3,15.3,4.49,6.0,3.5,0.34,0.385
MC6X16.3,MC,MC6X16.3,MC6X16.3,16.3,4.79,6.0,3.0,0.375,0.475
MC6X15.1,MC,MC6X15.1,MC6X15.1,15.1,4.44,6.0,2.94,0.316,0.475
MC6X12,MC,MC6X12,MC6X12,12.0,3.53,6.0,2.5,0.31,0.375
MC6X7,MC,MC6X7,MC6X7,7.0,2.09,6.0,1.88,0.179,0.291
MC6X6.5,MC,MC6X6.5,MC6X6.5,6.5,1.95,6.0,1.85,0.155,0.291
MC4X13.8,MC,MC4X13.8,MC4X13.8,13.8,4.03,4.0,2.5,0.5,0.5
MC3X7.1,MC,MC3X7.1,MC3X7.1,7.1,2.11,3.0,1.94,0.312,0.351
L12X12X1-3/8,L,L12X12X1-3/8,L12X12X1-3/8,105.0,31.1,12.0,,,
L12X12X1-1/4,L,L12X12X1-1/4,L12X12X1-1/4,96.4,28.4,12.0,,,
L12X12X1-1/8,L,L12X12X1-1/8,L12X12X1-1/8,87.2,25.8,12.0,,,
L12X12X1,L,L12X12X1,L12X12X1,77.8,23.0,12.0,,,
L10X10X1-3/8,L,L10X10X1-3/8,L10X10X1-3/8,87.1,25.6,10.0,,,
L10X10X1-1/4,L,L10X10X1-1/4,L10X10X1-1/4,79.9,23.4,10.0,,,
L10X10X1-1/8,L,L10X10X1-1/8,L10X10X1-1/8,72.3,21.3,10.0,,,
L10X10X1,L,L10X10X1,L10X10X1,64.7,19.0,10.0,,,
L10X10X7/8,L,L10X10X7/8,L10X10X7/8,56.9,16.8,10.0,,,
L10X10X3/4,L,L10X10X3/4,L10X10X3/4,49.1,14.5,10.0,,,
L8X8X1-1/8,L,L8X8X1-1/8,L8X8X1-1/8,56.9,16.8,8.0,,,
L8X8X1,L,L8X8X1,L8X8X1,51.0,15.1,8.0,,,
L8X8X7/8,L,L8X8X7/8,L8X8X7/8,45.0,13.3,8.0,,,
L8X8X3/4,L,L8X8X3/4,L8X8X3/4,38.9,11.5,8.0,,,
L8X8X5/8,L,L8X8X5/8,L8X8X5/8,32.7,9.69,8.0,,,
L8X8X9/16,L,L8X8X9/16,L8X8X9/16,29.6,8.77,8.0,,,
L8X8X1/2,L,L8X8X1/2,L8X8X1/2,26.4,7.84,8.0,,,
L8X6X1,L,L8X6X1,L8X6X1,44.2,13.1,6.0,,,
L8X6X7/8,L,L8X6X7/8,L8X6X7/8,39.1,11.5,6.0,,,
L8X6X3/4,L,L8X6X3/4,L8X6X3/4,33.8,9.99,6.0,,,
L8X6X5/8,L,L8X6X5/8,L8X6X5/8,28.5,8.41,6.0,,,
L8X6X9/16,L,L8X6X9/16,L8X6X9/16,25.7,7.61,6.0,,,
L8X6X1/2,L,L8X6X1/2,L8X6X1/2,23.0,6.8,6.0,,,
L8X6X7/16,L,L8X6X7/16,L8X6X7/16,20.2,5.99,6.0,,,
L8X4X1,L,L8X4X1,L8X4X1,37.4,11.1,4.0,,,
L8X4X7/8,L,L8X4X7/8,L8X4X7/8,33.1,9.79,4.0,,,
L8X4X3/4,L,L8X4X3/4,L8X4X3/4,28.7,8.49,4.0,,,
L8X4X5/8,L,L8X4X5/8,L8X4X5/8,24.2,7.16,4.0,,,
L8X4X9/16,L,L8X4X9/16,L8X4X9/16,21.9,6.49,4.0,,,
L8X4X1/2,L,L8X4X1/2,L8X4X1/2,19.6,5.8,4.0,,,
L8X4X7/16,L,L8X4X7/16,L8X4X7/16,17.2,5.11,4.0,,,
L7X4X3/4,L,L7X4X3/4,L7X4X3/4,26.2,7.74,4.0,,,
L7X4X5/8,L,L7X4X5/8,L7X4X5/8,22.1,6.5,4.0,,,
L7X4X1/2,L,L7X4X1/2,L7X4X1/2,17.9,5.26,4.0,,,
L7X4X7/16,L,L7X4X7/16,L7X4X7/16,15.7,4.63,4.0,,,
L7X4X3/8,L,L7X4X3/8,L7X4X3/8,13.6,4.0,4.0,,,
L6X6X1,L,L6X6X1,L6X6X1,37.4,11.0,6.0,,,
L6X6X7/8,L,L6X6X7/8,L6X6X7/8,33.1,9.75,6.0,,,
L6X6X3/4,L,L6X6X3/4,L6X6X3/4,28.7,8.46,6.0,,,
L6X6X5/8,L,L6X6X5/8,L6X6X5/8,24.2,7.13,6.0,,,
L6X6X9/16,L,L6X6X9/16,L6X6X9/16,21.9,6.45,6.0,,,
L6X6X1/2,L,L6X6X1/2,L6X6X1/2,19.6,5.77,6.0,,,
L6X6X7/16,L,L6X6X7/16,L6X6X7/16,17.2,5.08,6.0,,,
L6X6X3/8,L,L6X6X3/8,L6X6X3/8,14.9,4.38,6.0,,,
L6X6X5/16,L,L6X6X5/16,L6X6X5/16,12.4,3.67,6.0,,,
L6X4X7/8,L,L6X4X7/8,L6X4X7/8,27.2,8.0,4.0,,,
L6X4X3/4,L,L6X4X3/4,L6X4X3/4,23.6,6.94,4.0,,,
L6X4X5/8,L,L6X4X5/8,L6X4X5/8,20.0,5.86,4.0,,,
L6X4X9/16,L,L6X4X9/16,L6X4X9/16,18.1,5.31,4.0,,,
L6X4X1/2,L,L6X4X1/2,L6X4X1/2,16.2,4.75,4.0,,,
L6X4X7/16,L,L6X4X7/16,L6X4X7/16,14.3,4.18,4.0,,,
L6X4X3/8,L,L6X4X3/8,L6X4X3/8,12.3,3.61,4.0,,,
L6X4X5/16,L,L6X4X5/16,L6X4X5/16,10.3,3.03,4.0,,,
L6X3-1/2X1/2,L,L6X3-1/2X1/2,L6X3-1/2X1/2,15.3,4.5,3.5,,,
L6X3-1/2X3/8,L,L6X3-1/2X3/8,L6X3-1/2X3/8,11.7,3.44,3.5,,,
L6X3-1/2X5/16,L,L6X3-1/2X5/16,L6X3-1/2X5/16,9.8,2.89,3.5,,,
L5X5X7/8,L,L5X5X7/8,L5X5X7/8,27.2,8.0,5.0,,,
L5X5X3/4,L,L5X5X3/4,L5X5X3/4,23.6,6.98,5.0,,,
L5X5X5/8,L,L5X5X5/8,L5X5X5/8,20.0,5.9,5.0,,,
L5X5X1/2,L,L5X5X1/2,L5X5X1/2,16.2,4.79,5.0,,,
L5X5X7/16,L,L5X5X7/16,L5X5X7/16,14.3,4.22,5.0,,,
L5X5X3/8,L,L5X5X3/8,L5X5X3/8,12.3,3.65,5.0,,,
L5X5X5/16,L,L5X5X5/16,L5X5X5/16,10.3,3.07,5.0,,,
L5X3-1/2X3/4,L,L5X3-1/2X3/4,L5X3-1/2X3/4,19.8,5.85,3.5,,,
L5X3-1/2X5/8,L,L5X3-1/2X5/8,L5X3-1/2X5/8,16.8,4.93,3.5,,,
L5X3-1/2X1/2,L,L5X3-1/2X1/2,L5X3-1/2X1/2,13.6,4.0,3.5,,,
L5X3-1/2X3/8,L,L5X3-1/2X3/8,L5X3-1/2X3/8,10.4,3.05,3.5,,,
L5X3-1/2X5/16,L,L5X3-1/2X5/16,L5X3-1/2X5/16,8.7,2.56,3.5,,,
L5X3-1/2X1/4,L,L5X3-1/2X1/4,L5X3-1/2X1/4,7.0,2.07,3.5,,,
L5X3X1/2,L,L5X3X1/2,L5X3X1/2,12.8,3.75,3.0,,,
L5X3X7/16,L,L5X3X7/16,L5X3X7/16,11.3,3.31,3.0,,,
L5X3X3/8,L,L5X3X3/8,L5X3X3/8,9.8,2.86,3.0,,,
L5X3X5/16,L,L5X3X5/16,L5X3X5/16,8.2,2.41,3.0,,,
L5X3X1/4,L,L5X3X1/4,L5X3X1/4,6.6,1.94,3.0,,,
L4X4X3/4,L,L4X4X3/4,L4X4X3/4,18.5,5.44,4.0,,,
L4X4X5/8,L,L4X4X5/8,L4X4X5/8,15.7,4.61,4.0,,,
L4X4X1/2,L,L4X4X1/2,L4X4X1/2,12.8,3.75,4.0,,,
L4X4X7/16,L,L4X4X7/16,L4X4X7/16,11.3,3.3,4.0,,,
L4X4X3/8,L,L4X4X3/8,L4X4X3/8,9.8,2.86,4.0,,,
L4X4X5/16,L,L4X4X5/16,L4X4X5/16,8.2,2.4,4.0,,,
L4X4X1/4,L,L4X4X1/4,L4X4X1/4,6.6,1.93,4.0,,,
L4X3-1/2X1/2,L,L4X3-1/2X1/2,L4X3-1/2X1/2,11.9,3.5,3.5,,,
L4X3-1/2X3/8,L,L4X3-1/2X3/8,L4X3-1/2X3/8,9.1,2.68,3.5,,,
L4X3-1/2X5/16,L,L4X3-1/2X5/16,L4X3-1/2X5/16,7.7,2.25,3.5,,,
L4X3-1/2X1/4,L,L4X3-1/2X1/4,L4X3-1/2X1/4,6.2,1.82,3.5,,,
L4X3X5/8,L,L4X3X5/8,L4X3X5/8,13.6,3.99,3.0,,,
L4X3X1/2,L,L4X3X1/2,L4X3X1/2,11.1,3.25,3.0,,,
L4X3X3/8,L,L4X3X3/8,L4X3X3/8,8.5,2.49,3.0,,,
L4X3X5/16,L,L4X3X5/16,L4X3X5/16,7.2,2.09,3.0,,,
L4X3X1/4,L,L4X3X1/4,L4X3X1/4,5.8,1.69,3.0,,,
L3-1/2X3-1/2X1/2,L,L3-1/2X3-1/2X1/2,L3-1/2X3-1/2X1/2,11.1,3.25,3.5,,,
L3-1/2X3-1/2X7/16,L,L3-1/2X3-1/2X7/16,L3-1/2X3-1/2X7/16,9.8,2.89,3.5,,,
L3-1/2X3-1/2X3/8,L,L3-1/2X3-1/2X3/8,L3-1/2X3-1/2X3/8,8.5,2.5,3.5,,,
L3-1/2X3-1/2X5/16,L,L3-1/2X3-1/2X5/16,L3-1/2X3-1/2X5/16,7.2,2.1,3.5,,,
L3-1/2X3-1/2X1/4,L,L3-1/2X3-1/2X1/4,L3-1/2X3-1/2X1/4,5.8,1.7,3.5,,,
L3-1/2X3X1/2,L,L3-1/2X3X1/2,L3-1/2X3X1/2,10.2,3.02,3.0,,,
L3-1/2X3X7/16,L,L3-1/2X3X7/16,L3-1/2X3X7/16,9.1,2.67,3.0,,,
L3-1/2X3X3/8,L,L3-1/2X3X3/8,L3-1/2X3X3/8,7.9,2.32,3.0,,,
L3-1/2X3X5/16,L,L3-1/2X3X5/16,L3-1/2X3X5/16,6.6,1.95,3.0,,,
L3-1/2X3X1/4,L,L3-1/2X3X1/4,L3-1/2X3X1/4,5.4,1.58,3.0,,,
L3-1/2X2-1/2X1/2,L,L3-1/2X2-1/2X1/2,L3-1/2X2-1/2X1/2,9.4,2.77,2.5,,,
L3-1/2X2-1/2X3/8,L,L3-1/2X2-1/2X3/8,L3-1/2X2-1/2X3/8,7.2,2.12,2.5,,,
L3-1/2X2-1/2X5/16,L,L3-1/2X2-1/2X5/16,L3-1/2X2-1/2X5/16,6.1,1.79,2.5,,,
L3-1/2X2-1/2X1/4,L,L3-1/2X2-1/2X1/4,L3-1/2X2-1/2X1/4,4.9,1.45,2.5,,,
L3X3X1/2,L,L3X3X1/2,L3X3X1/2,9.4,2.76,3.0,,,
L3X3X7/16,L,L3X3X7/16,L3X3X7/16,8.3,2.43,3.0,,,
L3X3X3/8,L,L3X3X3/8,L3X3X3/8,7.2,2.11,3.0,,,
L3X3X5/16,L,L3X3X5/16,L3X3X5/16,6.1,1.78,3.0,,,
L3X3X1/4,L,L3X3X1/4,L3X3X1/4,4.9,1.44,3.0,,,
L3X3X3/16,L,L3X3X3/16,L3X3X3/16,3.71,1.09,3.0,,,
L3X2-1/2X1/2,L,L3X2-1/2X1/2,L3X2-1/2X1/2,8.5,2.5,2.5,,,
L3X2-1/2X7/16,L,L3X2-1/2X7/16,L3X2-1/2X7/16,7.6,2.22,2.5,,,
L3X2-1/2X3/8,L,L3X2-1/2X3/8,L3X2-1/2X3/8,6.6,1.93,2.5,,,
L3X2-1/2X5/16,L,L3X2-1/2X5/16,L3X2-1/2X5/16,5.6,1.63,2.5,,,
L3X2-1/2X1/4,L,L3X2-1/2X1/4,L3X2-1/2X1/4,4.5,1.32,2.5,,,
L3X2-1/2X3/16,L,L3X2-1/2X3/16,L3X2-1/2X3/16,3.39,1.0,2.5,,,
L3X2X1/2,L,L3X2X1/2,L3X2X1/2,7.7,2.26,2.0,,,
L3X2X3/8,L,L3X2X3/8,L3X2X3/8,5.9,1.75,2.0,,,
L3X2X5/16,L,L3X2X5/16,L3X2X5/16,5.0,1.48,2.0,,,
L3X2X1/4,L,L3X2X1/4,L3X2X1/4,4.1,1.2,2.0,,,
L3X2X3/16,L,L3X2X3/16,L3X2X3/16,3.07,0.92,2.0,,,
L2-1/2X2-1/2X1/2,L,L2-1/2X2-1/2X1/2,L2-1/2X2-1/2X1/2,7.7,2.26,2.5,,,
L2-1/2X2-1/2X3/8,L,L2-1/2X2-1/2X3/8,L2-1/2X2-1/2X3/8,5.9,1.73,2.5,,,
L2-1/2X2-1/2X5/16,L,L2-1/2X2-1/2X5/16,L2-1/2X2-1/2X5/16,5.0,1.46,2.5,,,
L2-1/2X2-1/2X1/4,L,L2-1/2X2-1/2X1/4,L2-1/2X2-1/2X1/4,4.1,1.19,2.5,,,
L2-1/2X2-1/2X3/16,L,L2-1/2X2-1/2X3/16,L2-1/2X2-1/2X3/16,3.07,0.9,2.5,,,
L2-1/2X2X3/8,L,L2-1/2X2X3/8,L2-1/2X2X3/8,5.3,1.55,2.0,,,
L2-1/2X2X5/16,L,L2-1/2X2X5/16,L2-1/2X2X5/16,4.5,1.32,2.0,,,
L2-1/2X2X1/4,L,L2-1/2X2X1/4,L2-1/2X2X1/4,3.62,1.07,2.0,,,
L2-1/2X2X3/16,L,L2-1/2X2X3/16,L2-1/2X2X3/16,2.75,0.82,2.0,,,
L2-1/2X1-1/2X1/4,L,L2-1/2X1-1/2X1/4,L2-1/2X1-1/2X1/4,3.19,0.95,1.5,,,
L2-1/2X1-1/2X3/16,L,L2-1/2X1-1/2X3/16,L2-1/2X1-1/2X3/16,2.44,0.72,1.5,,,
L2X2X3/8,L,L2X2X3/8,L2X2X3/8,4.7,1.37,2.0,,,
L2X2X5/16,L,L2X2X5/16,L2X2X5/16,3.92,1.16,2.0,,,
L2X2X1/4,L,L2X2X1/4,L2X2X1/4,3.19,0.94,2.0,,,
L2X2X3/16,L,L2X2X3/16,L2X2X3/16,2.44,0.72,2.0,,,
L2X2X1/8,L,L2X2X1/8,L2X2X1/8,1.65,0.49,2.0,,,
WT22X204,WT,WT22X204,WT22X204,204.0,59.9,22.4,16.1,1.22,2.17
WT22X184,WT,WT22X184,WT22X184,184.0,54.0,22.2,16.0,1.1,1.97
WT22X167.5,WT,WT22X167.5,WT22X167.5,167.5,49.2,22.0,15.9,1.03,1.77
WT22X145,WT,WT22X145,WT22X145,145.0,42.6,21.8,15.8,0.865,1.58
WT22X131,WT,WT22X131,WT22X131,131.0,38.5,21.7,15.8,0.785,1.42
WT22X115,WT,WT22X115,WT22X115,115.0,33.9,21.5,15.8,0.71,1.22
WT20X327.5,WT,WT20X327.5,WT20X327.5,327.5,96.4,21.8,16.9,1.97,3.54
WT20X296.5,WT,WT20X296.5,WT20X296.5,296.5,87.2,21.5,16.7,1.79,3.23
WT20X251.5,WT,WT20X251.5,WT20X251.5,251.5,74.0,21.0,16.4,1.54,2.76
WT20X215.5,WT,WT20X215.5,WT20X215.5,215.5,63.3,20.6,16.2,1.34,2.36
WT20X198.5,WT,WT20X198.5,WT20X198.5,198.5,58.3,20.5,16.1,1.22,2.2
WT20X186,WT,WT20X186,WT20X186,186.0,54.7,20.3,16.1,1.16,2.05
WT20X181,WT,WT20X181,WT20X181,181.0,53.2,20.3,16.0,1.12,2.01
WT20X162,WT,WT20X162,WT20X162,162.0,47.7,20.1,15.9,1.0,1.81
WT20X148.5,WT,WT20X148.5,WT20X148.5,148.5,43.6,19.9,15.8,0.93,1.65
WT20X138.5,WT,WT20X138.5,WT20X138.5,138.5,40.7,19.8,15.8,0.83,1.58
WT20X124.5,WT,WT20X124.5,WT20X124.5,124.5,36.7,19.7,15.8,0.75,1.42
WT20X107.5,WT,WT20X107.5,WT20X107.5,107.5,31.8,19.5,15.8,0.65,1.22
WT20X99.5,WT,WT20X99.5,WT20X99.5,99.5,29.2,19.3,15.8,0.65,1.07
WT20X196,WT,WT20X196,WT20X196,196.0,57.8,20.8,12.4,1.42,2.52
WT20X165.5,WT,WT20X165.5,WT20X165.5,165.5,48.8,20.4,12.2,1.22,2.13
WT20X163.5,WT,WT20X163.5,WT20X163.5,163.5,47.9,20.4,12.1,1.18,2.13
WT20X147,WT,WT20X147,WT20X147,147.0,43.1,20.2,12.0,1.06,1.93
WT20X139,WT,WT20X139,WT20X139,139.0,41.0,20.1,12.0,1.03,1.81
WT20X132,WT,WT20X132,WT20X132,132.0,38.7,20.0,11.9,0.96,1.73
WT20X117.5,WT,WT20X117.5,WT20X117.5,117.5,34.6,19.8,11.9,0.83,1.58
WT20X105.5,WT,WT20X105.5,WT20X105.5,105.5,31.1,19.7,11.8,0.75,1.42
WT20X91.5,WT,WT20X91.5,WT20X91.5,91.5,26.7,19.5,11.8,0.65,1.2
WT20X83.5,WT,WT20X83.5,WT20X83.5,83.5,24.5,19.3,11.8,0.65,1.03
WT20X74.5,WT,WT20X74.5,WT20X74.5,74.5,21.9,19.1,11.8,0.63,0.83
WT18X462.5,WT,WT18X462.5,WT18X462.5,462.5,136.0,21.6,18.6,3.02,4.53
WT18X426.5,WT,WT18X426.5,WT18X426.5,426.5,126.0,21.6,18.2,2.52,4.53
WT18X401,WT,WT18X401,WT18X401,401.0,118.0,21.3,18.0,2.38,4.29
WT18X361.5,WT,WT18X361.5,WT18X361.5,361.5,107.0,20.9,17.8,2.17,3.9
WT18X326,WT,WT18X326,WT18X326,326.0,96.2,20.5,17.6,1.97,3.54
WT18X264.5,WT,WT18X264.5,WT18X264.5,264.5,77.8,19.9,17.2,1.61,2.91
WT18X243.5,WT,WT18X243.5,WT18X243.5,243.5,71.7,19.7,17.1,1.5,2.68
WT18X220.5,WT,WT18X220.5,WT18X220.5,220.5,64.9,19.4,17.0,1.36,2.44
WT18X197.5,WT,WT18X197.5,WT18X197.5,197.5,58.1,19.2,16.8,1.22,2.2
WT18X180.5,WT,WT18X180.5,WT18X180.5,180.5,53.0,19.0,16.7,1.12,2.01
WT18X165,WT,WT18X165,WT18X165,165.0,48.4,18.8,16.6,1.02,1.85
WT18X151,WT,WT18X151,WT18X151,151.0,44.5,18.7,16.7,0.945,1.68
WT18X141,WT,WT18X141,WT18X141,141.0,41.5,18.6,16.6,0.885,1.57
WT18X131,WT,WT18X131,WT18X131,131.0,38.5,18.4,16.6,0.84,1.44
WT18X123.5,WT,WT18X123.5,WT18X123.5,123.5,36.3,18.3,16.5,0.8,1.35
WT18X115.5,WT,WT18X115.5,WT18X115.5,115.5,34.1,18.2,16.5,0.76,1.26
WT18X193.5,WT,WT18X193.5,WT18X193.5,193.5,56.8,19.5,12.7,1.42,2.56
WT18X175,WT,WT18X175,WT18X175,175.0,51.5,19.3,12.6,1.3,2.32
WT18X159,WT,WT18X159,WT18X159,159.0,46.7,19.1,12.4,1.18,2.13
WT18X143,WT,WT18X143,WT18X143,143.0,42.0,18.9,12.3,1.06,1.93
WT18X128,WT,WT18X128,WT18X128,128.0,37.6,18.7,12.2,0.96,1.73
WT18X116,WT,WT18X116,WT18X116,116.0,34.0,18.6,12.1,0.87,1.57
WT18X105,WT,WT18X105,WT18X105,105.0,30.9,18.3,12.2,0.83,1.36
WT18X97,WT,WT18X97,WT18X97,97.0,28.5,18.2,12.1,0.765,1.26
WT18X91,WT,WT18X91,WT18X91,91.0,26.8,18.2,12.1,0.725,1.18
WT18X85,WT,WT18X85,WT18X85,85.0,25.0,18.1,12.0,0.68,1.1
WT18X80,WT,WT18X80,WT18X80,80.0,23.5,18.0,12.0,0.65,1.02
WT18X75,WT,WT18X75,WT18X75,75.0,22.1,17.9,12.0,0.625,0.94
WT18X67.5,WT,WT18X67.5,WT18X67.5,67.5,19.9,17.8,12.0,0.6,0.79
WT16.5X193.5,WT,WT16.5X193.5,WT16.5X193.5,193.5,57.0,18.0,16.2,1.26,2.28
WT16.5X177,WT,WT16.5X177,WT16.5X177,177.0,52.1,17.8,16.1,1.16,2.09
WT16.5X159,WT,WT16.5X159,WT16.5X159,159.0,46.8,17.6,16.0,1.04,1.89
WT16.5X145.5,WT,WT16.5X145.5,WT16.5X145.5,145.5,42.8,17.4,15.9,0.96,1.73
WT16.5X131.5,WT,WT16.5X131.5,WT16.5X131.5,131.5,38.7,17.3,15.8,0.87,1.57
WT16.5X120.5,WT,WT16.5X120.5,WT16.5X120.5,120.5,35.6,17.1,15.9,0.83,1.4
WT16.5X110.5,WT,WT16.5X110.5,WT16.5X110.5,110.5,32.6,17.0,15.8,0.775,1.28
WT16.5X100.5,WT,WT16.5X100.5,WT16.5X100.5,100.5,29.7,16.8,15.7,0.715,1.15
WT16.5X84.5,WT,WT16.5X84.5,WT16.5X84.5,84.5,24.7,16.9,11.5,0.67,1.22
WT16.5X76,WT,WT16.5X76,WT16.5X76,76.0,22.5,16.7,11.6,0.635,1.06
WT16.5X70.5,WT,WT16.5X70.5,WT16.5X70.5,70.5,20.7,16.7,11.5,0.605,0.96
WT16.5X65,WT,WT16.5X65,WT16.5X65,65.0,19.1,16.5,11.5,0.58,0.855
WT16.5X59,WT,WT16.5X59,WT16.5X59,59.0,17.4,16.4,11.5,0.55,0.74
WT15X195.5,WT,WT15X195.5,WT15X195.5,195.5,57.6,16.6,15.6,1.36,2.44
WT15X178.5,WT,WT15X178.5,WT15X178.5,178.5,52.5,16.4,15.5,1.24,2.24
WT15X163,WT,WT15X163,WT15X163,163.0,48.0,16.2,15.4,1.14,2.05
WT15X146,WT,WT15X146,WT15X146,146.0,43.0,16.0,15.3,1.02,1.85
WT15X130.5,WT,WT15X130.5,WT15X130.5,130.5,38.5,15.8,15.2,0.93,1.65
WT15X117.5,WT,WT15X117.5,WT15X117.5,117.5,34.7,15.7,15.1,0.83,1.5
WT15X105.5,WT,WT15X105.5,WT15X105.5,105.5,31.1,15.5,15.1,0.775,1.32
WT15X95.5,WT,WT15X95.5,WT15X95.5,95.5,28.0,15.3,15.0,0.71,1.19
WT15X86.5,WT,WT15X86.5,WT15X86.5,86.5,25.4,15.2,15.0,0.655,1.07
WT15X74,WT,WT15X74,WT15X74,74.0,21.8,15.3,10.5,0.65,1.18
WT15X66,WT,WT15X66,WT15X66,66.0,19.5,15.2,10.5,0.615,1.0
WT15X62,WT,WT15X62,WT15X62,62.0,18.2,15.1,10.5,0.585,0.93
WT15X58,WT,WT15X58,WT15X58,58.0,17.1,15.0,10.5,0.565,0.85
WT15X54,WT,WT15X54,WT15X54,54.0,15.9,14.9,10.5,0.545,0.76
WT15X49.5,WT,WT15X49.5,WT15X49.5,49.5,14.5,14.8,10.5,0.52,0.67
WT15X45,WT,WT15X45,WT15X45,45.0,13.2,14.8,10.4,0.47,0.61
WT13.5X269.5,WT,WT13.5X269.5,WT13.5X269.5,269.5,79.3,16.3,15.3,1.97,3.54
WT13.5X184,WT,WT13.5X184,WT13.5X184,184.0,54.2,15.2,14.7,1.38,2.48
WT13.5X168,WT,WT13.5X168,WT13.5X168,168.0,49.5,15.0,14.6,1.26,2.28
WT13.5X153.5,WT,WT13.5X153.5,WT13.5X153.5,153.5,45.2,14.8,14.4,1.16,2.09
WT13.5X140.5,WT,WT13.5X140.5,WT13.5X140.5,140.5,41.5,14.6,14.4,1.06,1.93
WT13.5X129,WT,WT13.5X129,WT13.5X129,129.0,38.1,14.5,14.3,0.98,1.77
WT13.5X117.5,WT,WT13.5X117.5,WT13.5X117.5,117.5,34.7,14.3,14.2,0.91,1.61
WT13.5X108.5,WT,WT13.5X108.5,WT13.5X108.5,108.5,32.0,14.2,14.1,0.83,1.5
WT13.5X97,WT,WT13.5X97,WT13.5X97,97.0,28.6,14.1,14.0,0.75,1.34
WT13.5X89,WT,WT13.5X89,WT13.5X89,89.0,26.3,13.9,14.1,0.725,1.19
WT13.5X80.5,WT,WT13.5X80.5,WT13.5X80.5,80.5,23.8,13.8,14.0,0.66,1.08
WT13.5X73,WT,WT13.5X73,WT13.5X73,73.0,21.6,13.7,14.0,0.605,0.975
WT13.5X64.5,WT,WT13.5X64.5,WT13.5X64.5,64.5,18.9,13.8,10.0,0.61,1.1
WT13.5X57,WT,WT13.5X57,WT13.5X57,57.0,16.8,13.6,10.1,0.57,0.93
WT13.5X51,WT,WT13.5X51,WT13.5X51,51.0,15.0,13.5,10.0,0.515,0.83
WT13.5X47,WT,WT13.5X47,WT13.5X47,47.0,13.8,13.5,10.0,0.49,0.745
WT13.5X42,WT,WT13.5X42,WT13.5X42,42.0,12.4,13.4,10.0,0.46,0.64
WT12X185,WT,WT12X185,WT12X185,185.0,54.5,14.0,13.7,1.52,2.72
WT12X167.5,WT,WT12X167.5,WT12X167.5,167.5,49.1,13.8,13.5,1.38,2.48
WT12X153,WT,WT12X153,WT12X153,153.0,44.9,13.6,13.4,1.26,2.28
WT12X139.5,WT,WT12X139.5,WT12X139.5,139.5,41.0,13.4,13.3,1.16,2.09
WT12X125,WT,WT12X125,WT12X125,125.0,36.8,13.2,13.2,1.04,1.89
WT12X114.5,WT,WT12X114.5,WT12X114.5,114.5,33.6,13.0,13.1,0.96,1.73
WT12X103.5,WT,WT12X103.5,WT12X103.5,103.5,30.3,12.9,13.0,0.87,1.57
WT12X96,WT,WT12X96,WT12X96,96.0,28.2,12.7,13.0,0.81,1.46
WT12X88,WT,WT12X88,WT12X88,88.0,25.8,12.6,12.9,0.75,1.34
WT12X81,WT,WT12X81,WT12X81,81.0,23.9,12.5,13.0,0.705,1.22
WT12X73,WT,WT12X73,WT12X73,73.0,21.5,12.4,12.9,0.65,1.09
WT12X65.5,WT,WT12X65.5,WT12X65.5,65.5,19.3,12.2,12.9,0.605,0.96
WT12X58.5,WT,WT12X58.5,WT12X58.5,58.5,17.2,12.1,12.8,0.55,0.85
WT12X52,WT,WT12X52,WT12X52,52.0,15.3,12.0,12.8,0.5,0.75
WT12X51.5,WT,WT12X51.5,WT12X51.5,51.5,15.1,12.3,9.0,0.55,0.98
WT12X47,WT,WT12X47,WT12X47,47.0,13.8,12.2,9.07,0.515,0.875
WT12X42,WT,WT12X42,WT12X42,42.0,12.4,12.1,9.02,0.47,0.77
WT12X38,WT,WT12X38,WT12X38,38.0,11.2,12.0,8.99,0.44,0.68
WT12X34,WT,WT12X34,WT12X34,34.0,10.0,11.9,8.97,0.415,0.585
WT12X31,WT,WT12X31,WT12X31,31.0,9.11,11.9,7.04,0.43,0.59
WT12X27.5,WT,WT12X27.5,WT12X27.5,27.5,8.1,11.8,7.01,0.395,0.505
WT10.5X137.5,WT,WT10.5X137.5,WT10.5X137.5,137.5,40.9,12.1,12.9,1.22,2.19
WT10.5X124,WT,WT10.5X124,WT10.5X124,124.0,37.0,11.9,12.8,1.1,1.99
WT10.5X111.5,WT,WT10.5X111.5,WT10.5X111.5,111.5,33.2,11.7,12.7,1.0,1.79
WT10.5X100.5,WT,WT10.5X100.5,WT10.5X100.5,100.5,29.6,11.5,12.6,0.91,1.63
WT10.5X91,WT,WT10.5X91,WT10.5X91,91.0,26.8,11.4,12.5,0.83,1.48
WT10.5X83,WT,WT10.5X83,WT10.5X83,83.0,24.4,11.2,12.4,0.75,1.36
WT10.5X73.5,WT,WT10.5X73.5,WT10.5X73.5,73.5,21.6,11.0,12.5,0.72,1.15
WT10.5X66,WT,WT10.5X66,WT10.5X66,66.0,19.4,10.9,12.4,0.65,1.04
WT10.5X61,WT,WT10.5X61,WT10.5X61,61.0,17.9,10.8,12.4,0.6,0.96
WT10.5X55.5,WT,WT10.5X55.5,WT10.5X55.5,55.5,16.3,10.8,12.3,0.55,0.875
WT10.5X50.5,WT,WT10.5X50.5,WT10.5X50.5,50.5,14.9,10.7,12.3,0.5,0.8
WT10.5X46.5,WT,WT10.5X46.5,WT10.5X46.5,46.5,13.7,10.8,8.42,0.58,0.93
WT10.5X41.5,WT,WT10.5X41.5,WT10.5X41.5,41.5,12.2,10.7,8.36,0.515,0.835
WT10.5X36.5,WT,WT10.5X36.5,WT10.5X36.5,36.5,10.7,10.6,8.3,0.455,0.74
WT10.5X34,WT,WT10.5X34,WT10.5X34,34.0,10.0,10.6,8.27,0.43,0.685
WT10.5X31,WT,WT10.5X31,WT10.5X31,31.0,9.13,10.5,8.24,0.4,0.615
WT10.5X27.5,WT,WT10.5X27.5,WT10.5X27.5,27.5,8.1,10.4,8.22,0.375,0.522
WT10.5X24,WT,WT10.5X24,WT10.5X24,24.0,7.07,10.3,8.14,0.35,0.43
WT10.5X28.5,WT,WT10.5X28.5,WT10.5X28.5,28.5,8.37,10.5,6.56,0.405,0.65
WT10.5X25,WT,WT10.5X25,WT10.5X25,25.0,7.36,10.4,6.53,0.38,0.535
WT10.5X22,WT,WT10.5X22,WT10.5X22,22.0,6.49,10.3,6.5,0.35,0.45
WT9X155.5,WT,WT9X155.5,WT9X155.5,155.5,45.8,11.2,12.0,1.52,2.74
WT9X141.5,WT,WT9X141.5,WT9X141.5,141.5,41.7,10.9,11.9,1.4,2.5
WT9X129,WT,WT9X129,WT9X129,129.0,38.0,10.7,11.8,1.28,2.3
WT9X117,WT,WT9X117,WT9X117,117.0,34.3,10.5,11.7,1.16,2.11
WT9X105.5,WT,WT9X105.5,WT9X105.5,105.5,31.2,10.3,11.6,1.06,1.91
WT9X96,WT,WT9X96,WT9X96,96.0,28.1,10.2,11.5,0.96,1.75
WT9X87.5,WT,WT9X87.5,WT9X87.5,87.5,25.7,10.0,11.4,0.89,1.59
WT9X79,WT,WT9X79,WT9X79,79.0,23.2,9.86,11.3,0.81,1.44
WT9X71.5,WT,WT9X71.5,WT9X71.5,71.5,21.0,9.75,11.2,0.73,1.32
WT9X65,WT,WT9X65,WT9X65,65.0,19.2,9.63,11.2,0.67,1.2
WT9X59.5,WT,WT9X59.5,WT9X59.5,59.5,17.6,9.49,11.3,0.655,1.06
WT9X53,WT,WT9X53,WT9X53,53.0,15.6,9.37,11.2,0.59,0.94
WT9X48.5,WT,WT9X48.5,WT9X48.5,48.5,14.2,9.3,11.1,0.535,0.87
WT9X43,WT,WT9X43,WT9X43,43.0,12.7,9.2,11.1,0.48,0.77
WT9X38,WT,WT9X38,WT9X38,38.0,11.1,9.11,11.0,0.425,0.68
WT9X35.5,WT,WT9X35.5,WT9X35.5,35.5,10.4,9.24,7.64,0.495,0.81
WT9X32.5,WT,WT9X32.5,WT9X32.5,32.5,9.55,9.18,7.59,0.45,0.75
WT9X30,WT,WT9X30,WT9X30,30.0,8.82,9.12,7.56,0.415,0.695
WT9X27.5,WT,WT9X27.5,WT9X27.5,27.5,8.1,9.06,7.53,0.39,0.63
WT9X25,WT,WT9X25,WT9X25,25.0,7.34,9.0,7.5,0.355,0.57
WT9X23,WT,WT9X23,WT9X23,23.0,6.77,9.03,6.06,0.36,0.605
WT9X20,WT,WT9X20,WT9X20,20.0,5.88,8.95,6.02,0.315,0.525
WT9X17.5,WT,WT9X17.5,WT9X17.5,17.5,5.15,8.85,6.0,0.3,0.425
WT8X50,WT,WT8X50,WT8X50,50.0,14.7,8.49,10.4,0.585,0.985
WT8X44.5,WT,WT8X44.5,WT8X44.5,44.5,13.1,8.38,10.4,0.525,0.875
WT8X38.5,WT,WT8X38.5,WT8X38.5,38.5,11.3,8.26,10.3,0.455,0.76
WT8X33.5,WT,WT8X33.5,WT8X33.5,33.5,9.81,8.17,10.2,0.395,0.665
WT8X28.5,WT,WT8X28.5,WT8X28.5,28.5,8.39,8.22,7.12,0.43,0.715
WT8X25,WT,WT8X25,WT8X25,25.0,7.37,8.13,7.07,0.38,0.63
WT8X22.5,WT,WT8X22.5,WT8X22.5,22.5,6.63,8.07,7.04,0.345,0.565
WT8X20,WT,WT8X20,WT8X20,20.0,5.89,8.01,7.0,0.305,0.505
WT8X18,WT,WT8X18,WT8X18,18.0,5.29,7.93,6.99,0.295,0.43
WT8X15.5,WT,WT8X15.5,WT8X15.5,15.5,4.56,7.94,5.53,0.275,0.44
WT8X13,WT,WT8X13,WT8X13,13.0,3.84,7.85,5.5,0.25,0.345
WT7X436.5,WT,WT7X436.5,WT7X436.5,436.5,129.0,11.8,18.8,3.94,5.51
WT7X404,WT,WT7X404,WT7X404,404.0,119.0,11.4,18.6,3.74,5.12
WT7X365,WT,WT7X365,WT7X365,365.0,107.0,11.2,17.9,3.07,4.91
WT7X332.5,WT,WT7X332.5,WT7X332.5,332.5,97.8,10.8,17.7,2.83,4.52
WT7X302.5,WT,WT7X302.5,WT7X302.5,302.5,89.0,10.5,17.4,2.6,4.16
WT7X275,WT,WT7X275,WT7X275,275.0,80.9,10.1,17.2,2.38,3.82
WT7X250,WT,WT7X250,WT7X250,250.0,73.5,9.8,17.0,2.19,3.5
WT7X227.5,WT,WT7X227.5,WT7X227.5,227.5,66.9,9.51,16.8,2.02,3.21
WT7X213,WT,WT7X213,WT7X213,213.0,62.7,9.34,16.7,1.88,3.04
WT7X199,WT,WT7X199,WT7X199,199.0,58.4,9.15,16.6,1.77,2.85
WT7X185,WT,WT7X185,WT7X185,185.0,54.4,8.96,16.5,1.66,2.66
WT7X171,WT,WT7X171,WT7X171,171.0,50.3,8.77,16.4,1.54,2.47
WT7X155.5,WT,WT7X155.5,WT7X155.5,155.5,45.7,8.56,16.2,1.41,2.26
WT7X141.5,WT,WT7X141.5,WT7X141.5,141.5,41.6,8.37,16.1,1.29,2.07
WT7X128.5,WT,WT7X128.5,WT7X128.5,128.5,37.8,8.19,16.0,1.18,1.89
WT7X116.5,WT,WT7X116.5,WT7X116.5,116.5,34.2,8.02,15.9,1.07,1.72
WT7X105.5,WT,WT7X105.5,WT7X105.5,105.5,31.0,7.86,15.8,0.98,1.56
WT7X96.5,WT,WT7X96.5,WT7X96.5,96.5,28.4,7.74,15.7,0.89,1.44
WT7X88,WT,WT7X88,WT7X88,88.0,25.9,7.61,15.7,0.83,1.31
WT7X79.5,WT,WT7X79.5,WT7X79.5,79.5,23.4,7.49,15.6,0.745,1.19
WT7X72.5,WT,WT7X72.5,WT7X72.5,72.5,21.3,7.39,15.5,0.68,1.09
WT7X66,WT,WT7X66,WT7X66,66.0,19.4,7.33,14.7,0.645,1.03
WT7X60,WT,WT7X60,WT7X60,60.0,17.7,7.24,14.7,0.59,0.94
WT7X54.5,WT,WT7X54.5,WT7X54.5,54.5,16.0,7.16,14.6,0.525,0.86
WT7X49.5,WT,WT7X49.5,WT7X49.5,49.5,14.6,7.08,14.6,0.485,0.78
WT7X45,WT,WT7X45,WT7X45,45.0,13.2,7.01,14.5,0.44,0.71
WT7X41,WT,WT7X41,WT7X41,41.0,12.0,7.16,10.1,0.51,0.855
WT7X37,WT,WT7X37,WT7X37,37.0,10.9,7.09,10.1,0.45,0.785
WT7X34,WT,WT7X34,WT7X34,34.0,10.0,7.02,10.0,0.415,0.72
WT7X30.5,WT,WT7X30.5,WT7X30.5,30.5,8.96,6.95,10.0,0.375,0.645
WT7X26.5,WT,WT7X26.5,WT7X26.5,26.5,7.8,6.96,8.06,0.37,0.66
WT7X24,WT,WT7X24,WT7X24,24.0,7.07,6.9,8.03,0.34,0.595
WT7X21.5,WT,WT7X21.5,WT7X21.5,21.5,6.31,6.83,8.0,0.305,0.53
WT7X19,WT,WT7X19,WT7X19,19.0,5.58,7.05,6.77,0.31,0.515
WT7X17,WT,WT7X17,WT7X17,17.0,5.0,6.99,6.75,0.285,0.455
WT7X15,WT,WT7X15,WT7X15,15.0,4.42,6.92,6.73,0.27,0.385
WT7X13,WT,WT7X13,WT7X13,13.0,3.85,6.96,5.03,0.255,0.42
WT7X11,WT,WT7X11,WT7X11,11.0,3.25,6.87,5.0,0.23,0.335
WT6X168,WT,WT6X168,WT6X168,168.0,49.5,8.41,13.4,1.78,2.96
WT6X152.5,WT,WT6X152.5,WT6X152.5,152.5,44.7,8.16,13.2,1.63,2.71
WT6X139.5,WT,WT6X139.5,WT6X139.5,139.5,41.0,7.93,13.1,1.53,2.47
WT6X126,WT,WT6X126,WT6X126,126.0,37.1,7.71,13.0,1.4,2.25
WT6X115,WT,WT6X115,WT6X115,115.0,33.8,7.53,12.9,1.29,2.07
WT6X105,WT,WT6X105,WT6X105,105.0,30.9,7.36,12.8,1.18,1.9
WT6X95,WT,WT6X95,WT6X95,95.0,28.0,7.19,12.7,1.06,1.74
WT6X85,WT,WT6X85,WT6X85,85.0,25.0,7.02,12.6,0.96,1.56
WT6X76,WT,WT6X76,WT6X76,76.0,22.4,6.86,12.5,0.87,1.4
WT6X68,WT,WT6X68,WT6X68,68.0,20.0,6.71,12.4,0.79,1.25
WT6X60,WT,WT6X60,WT6X60,60.0,17.6,6.56,12.3,0.71,1.11
WT6X53,WT,WT6X53,WT6X53,53.0,15.6,6.45,12.2,0.61,0.99
WT6X48,WT,WT6X48,WT6X48,48.0,14.1,6.36,12.2,0.55,0.9
WT6X43.5,WT,WT6X43.5,WT6X43.5,43.5,12.8,6.27,12.1,0.515,0.81
WT6X39.5,WT,WT6X39.5,WT6X39.5,39.5,11.6,6.19,12.1,0.47,0.735
WT6X36,WT,WT6X36,WT6X36,36.0,10.6,6.13,12.0,0.43,0.67
WT6X32.5,WT,WT6X32.5,WT6X32.5,32.5,9.54,6.06,12.0,0.39,0.605
WT6X29,WT,WT6X29,WT6X29,29.0,8.52,6.1,10.0,0.36,0.64
WT6X26.5,WT,WT6X26.5,WT6X26.5,26.5,7.78,6.03,10.0,0.345,0.575
WT6X25,WT,WT6X25,WT6X25,25.0,7.3,6.1,8.08,0.37,0.64
WT6X22.5,WT,WT6X22.5,WT6X22.5,22.5,6.56,6.03,8.05,0.335,0.575
WT6X20,WT,WT6X20,WT6X20,20.0,5.84,5.97,8.01,0.295,0.515
WT6X17.5,WT,WT6X17.5,WT6X17.5,17.5,5.17,6.25,6.56,0.3,0.52
WT6X15,WT,WT6X15,WT6X15,15.0,4.4,6.17,6.52,0.26,0.44
WT6X13,WT,WT6X13,WT6X13,13.0,3.82,6.11,6.49,0.23,0.38
WT6X11,WT,WT6X11,WT6X11,11.0,3.24,6.16,4.03,0.26,0.425
WT6X9.5,WT,WT6X9.5,WT6X9.5,9.5,2.79,6.08,4.01,0.235,0.35
WT6X8,WT,WT6X8,WT6X8,8.0,2.36,6.0,3.99,0.22,0.265
WT6X7,WT,WT6X7,WT6X7,7.0,2.08,5.96,3.97,0.2,0.225
WT5X56,WT,WT5X56,WT5X56,56.0,16.5,5.68,10.4,0.755,1.25
WT5X50,WT,WT5X50,WT5X50,50.0,14.7,5.55,10.3,0.68,1.12
WT5X44,WT,WT5X44,WT5X44,44.0,13.0,5.42,10.3,0.605,0.99
WT5X38.5,WT,WT5X38.5,WT5X38.5,38.5,11.3,5.3,10.2,0.53,0.87
WT5X34,WT,WT5X34,WT5X34,34.0,10.0,5.2,10.1,0.47,0.77
WT5X30,WT,WT5X30,WT5X30,30.0,8.84,5.11,10.1,0.42,0.68
WT5X27,WT,WT5X27,WT5X27,27.0,7.9,5.05,10.0,0.37,0.615
WT5X24.5,WT,WT5X24.5,WT5X24.5,24.5,7.21,4.99,10.0,0.34,0.56
WT5X22.5,WT,WT5X22.5,WT5X22.5,22.5,6.63,5.05,8.02,0.35,0.62
WT5X19.5,WT,WT5X19.5,WT5X19.5,19.5,5.73,4.96,7.99,0.315,0.53
WT5X16.5,WT,WT5X16.5,WT5X16.5,16.5,4.85,4.87,7.96,0.29,0.435
WT5X15,WT,WT5X15,WT5X15,15.0,4.42,5.24,5.81,0.3,0.51
WT5X13,WT,WT5X13,WT5X13,13.0,3.81,5.17,5.77,0.26,0.44
WT5X11,WT,WT5X11,WT5X11,11.0,3.24,5.09,5.75,0.24,0.36
WT5X9.5,WT,WT5X9.5,WT5X9.5,9.5,2.81,5.12,4.02,0.25,0.395
WT5X8.5,WT,WT5X8.5,WT5X8.5,8.5,2.5,5.06,4.01,0.24,0.33
WT5X7.5,WT,WT5X7.5,WT5X7.5,7.5,2.21,5.0,4.0,0.23,0.27
WT5X6,WT,WT5X6,WT5X6,6.0,1.77,4.94,3.96,0.19,0.21
WT4X33.5,WT,WT4X33.5,WT4X33.5,33.5,9.84,4.5,8.28,0.57,0.935
WT4X29,WT,WT4X29,WT4X29,29.0,8.54,4.38,8.22,0.51,0.81
WT4X24,WT,WT4X24,WT4X24,24.0,7.05,4.25,8.11,0.4,0.685
WT4X20,WT,WT4X20,WT4X20,20.0,5.87,4.13,8.07,0.36,0.56
WT4X17.5,WT,WT4X17.5,WT4X17.5,17.5,5.14,4.06,8.02,0.31,0.495
WT4X15.5,WT,WT4X15.5,WT4X15.5,15.5,4.56,4.0,8.0,0.285,0.435
WT4X14,WT,WT4X14,WT4X14,14.0,4.12,4.03,6.54,0.285,0.465
WT4X12,WT,WT4X12,WT4X12,12.0,3.54,3.97,6.5,0.245,0.4
WT4X10.5,WT,WT4X10.5,WT4X10.5,10.5,3.08,4.14,5.27,0.25,0.4
WT4X9,WT,WT4X9,WT4X9,9.0,2.63,4.07,5.25,0.23,0.33
WT4X7.5,WT,WT4X7.5,WT4X7.5,7.5,2.22,4.06,4.02,0.245,0.315
WT4X6.5,WT,WT4X6.5,WT4X6.5,6.5,1.92,4.0,4.0,0.23,0.255
WT4X5,WT,WT4X5,WT4X5,5.0,1.48,3.95,3.94,0.17,0.205
WT3X12.5,WT,WT3X12.5,WT3X12.5,12.5,3.67,3.19,6.08,0.32,0.455
WT3X10,WT,WT3X10,WT3X10,10.0,2.94,3.1,6.02,0.26,0.365
WT3X7.5,WT,WT3X7.5,WT3X7.5,7.5,2.21,3.0,5.99,0.23,0.26
WT3X8,WT,WT3X8,WT3X8,8.0,2.37,3.14,4.03,0.26,0.405
WT3X6,WT,WT3X6,WT3X6,6.0,1.78,3.02,4.0,0.23,0.28
WT3X4.5,WT,WT3X4.5,WT3X4.5,4.5,1.34,2.95,3.94,0.17,0.215
WT3X4.25,WT,WT3X4.25,WT3X4.25,4.25,1.26,2.92,3.94,0.17,0.195
WT2.5X9.5,WT,WT2.5X9.5,WT2.5X9.5,9.5,2.78,2.58,5.03,0.27,0.43
WT2.5X8,WT,WT2.5X8,WT2.5X8,8.0,2.35,2.51,5.0,0.24,0.36
WT2X6.5,WT,WT2X6.5,WT2X6.5,6.5,1.91,2.08,4.06,0.28,0.345
MT6.25X6.2,MT,MT6.25X6.2,MT6.25X6.2,6.2,1.82,6.27,3.75,0.155,0.228
MT6.25X5.8,MT,MT6.25X5.8,MT6.25X5.8,5.8,1.7,6.25,3.5,0.155,0.211
MT6X5.9,MT,MT6X5.9,MT6X5.9,5.9,1.74,6.0,3.07,0.177,0.225
MT6X5.4,MT,MT6X5.4,MT6X5.4,5.4,1.59,5.99,3.07,0.16,0.21
MT6X5,MT,MT6X5,MT6X5,5.0,1.48,5.99,3.25,0.149,0.18
MT5X4.5,MT,MT5X4.5,MT5X4.5,4.5,1.33,5.0,2.69,0.157,0.206
MT5X4,MT,MT5X4,MT5X4,4.0,1.19,4.98,2.69,0.141,0.182
MT5X3.75,MT,MT5X3.75,MT5X3.75,3.75,1.11,5.0,2.69,0.13,0.173
MT4X3.25,MT,MT4X3.25,MT4X3.25,3.25,0.96,4.0,2.28,0.135,0.189
MT4X3.1,MT,MT4X3.1,MT4X3.1,3.1,0.91,4.0,2.28,0.129,0.177
MT3X2.2,MT,MT3X2.2,MT3X2.2,2.2,0.65,3.0,1.84,0.114,0.171
MT3X1.85,MT,MT3X1.85,MT3X1.85,1.85,0.55,2.96,2.0,0.098,0.129
MT2.5X9.45,MT,MT2.5X9.45,MT2.5X9.45,9.45,2.78,2.5,5.0,0.316,0.416
MT2X3,MT,MT2X3,MT2X3,3.0,0.88,1.9,3.8,0.13,0.16
ST12X60.5,ST,ST12X60.5,ST12X60.5,60.5,17.8,12.3,8.05,0.8,1.09
ST12X53,ST,ST12X53,ST12X53,53.0,15.6,12.3,7.87,0.62,1.09
ST12X50,ST,ST12X50,ST12X50,50.0,14.7,12.0,7.25,0.745,0.87
ST12X45,ST,ST12X45,ST12X45,45.0,13.2,12.0,7.13,0.625,0.87
ST12X40,ST,ST12X40,ST12X40,40.0,11.7,12.0,7.0,0.5,0.87
ST10X48,ST,ST10X48,ST10X48,48.0,14.1,10.2,7.2,0.8,0.92
ST10X43,ST,ST10X43,ST10X43,43.0,12.7,10.2,7.06,0.66,0.92
ST10X37.5,ST,ST10X37.5,ST10X37.5,37.5,11.0,10.0,6.39,0.635,0.795
ST10X33,ST,ST10X33,ST10X33,33.0,9.7,10.0,6.26,0.505,0.795
ST9X35,ST,ST9X35,ST9X35,35.0,10.3,9.0,6.25,0.711,0.691
ST9X27.35,ST,ST9X27.35,ST9X27.35,27.35,8.02,9.0,6.0,0.461,0.691
ST7.5X25,ST,ST7.5X25,ST7.5X25,25.0,7.34,7.5,5.64,0.55,0.622
ST7.5X21.45,ST,ST7.5X21.45,ST7.5X21.45,21.45,6.3,7.5,5.5,0.411,0.622
ST6X25,ST,ST6X25,ST6X25,25.0,7.33,6.0,5.48,0.687,0.659
ST6X20.4,ST,ST6X20.4,ST6X20.4,20.4,5.96,6.0,5.25,0.462,0.659
ST6X17.5,ST,ST6X17.5,ST6X17.5,17.5,5.12,6.0,5.08,0.428,0.544
ST6X15.9,ST,ST6X15.9,ST6X15.9,15.9,4.65,6.0,5.0,0.35,0.544
ST5X17.5,ST,ST5X17.5,ST5X17.5,17.5,5.14,5.0,4.94,0.594,0.491
ST5X12.7,ST,ST5X12.7,ST5X12.7,12.7,3.72,5.0,4.66,0.311,0.491
ST4X11.5,ST,ST4X11.5,ST4X11.5,11.5,3.38,4.0,4.17,0.441,0.425
ST4X9.2,ST,ST4X9.2,ST4X9.2,9.2,2.7,4.0,4.0,0.271,0.425
ST3X8.6,ST,ST3X8.6,ST3X8.6,8.6,2.53,3.0,3.57,0.465,0.359
ST3X6.25,ST,ST3X6.25,ST3X6.25,6.25,1.83,3.0,3.33,0.232,0.359
ST2.5X5,ST,ST2.5X5,ST2.5X5,5.0,1.46,2.5,3.0,0.214,0.326
ST2X4.75,ST,ST2X4.75,ST2X4.75,4.75,1.4,2.0,2.8,0.326,0.293
ST2X3.85,ST,ST2X3.85,ST2X3.85,3.85,1.13,2.0,2.66,0.193,0.293
ST1.5X3.75,ST,ST1.5X3.75,ST1.5X3.75,3.75,1.1,1.5,2.51,0.349,0.26
ST1.5X2.85,ST,ST1.5X2.85,ST1.5X2.85,2.85,0.83,1.5,2.33,0.17,0.26
2L12X12X1-3/8,2L,2L12X12X1-3/8,2L12X12X1-3/8,210.0,62.2,12.0,,,
2L12X12X1-3/8X3/4,2L,2L12X12X1-3/8X3/4,2L12X12X1-3/8X3/4,210.0,62.2,12.0,,,
2L12X12X1-3/8X1-1/2,2L,2L12X12X1-3/8X1-1/2,2L12X12X1-3/8X1-1/2,210.0,62.2,12.0,,,
2L12X12X1-1/4,2L,2L12X12X1-1/4,2L12X12X1-1/4,193.0,56.8,12.0,,,
2L12X12X1-1/4X3/4,2L,2L12X12X1-1/4X3/4,2L12X12X1-1/4X3/4,193.0,56.8,12.0,,,
2L12X12X1-1/4X1-1/2,2L,2L12X12X1-1/4X1-1/2,2L12X12X1-1/4X1-1/2,193.0,56.8,12.0,,,
2L12X12X1-1/8,2L,2L12X12X1-1/8,2L12X12X1-1/8,174.0,51.6,12.0,,,
2L12X12X1-1/8X3/4,2L,2L12X12X1-1/8X3/4,2L12X12X1-1/8X3/4,174.0,51.6,12.0,,,
2L12X12X1-1/8X1-1/2,2L,2L12X12X1-1/8X1-1/2,2L12X12X1-1/8X1-1/2,174.0,51.6,12.0,,,
2L12X12X1,2L,2L12X12X1,2L12X12X1,156.0,46.0,12.0,,,
2L12X12X1X3/4,2L,2L12X12X1X3/4,2L12X12X1X3/4,156.0,46.0,12.0,,,
2L12X12X1X1-1/2,2L,2L12X12X1X1-1/2,2L12X12X1X1-1/2,156.0,46.0,12.0,,,
2L10X10X1-3/8,2L,2L10X10X1-3/8,2L10X10X1-3/8,174.0,51.2,10.0,,,
2L10X10X1-3/8X3/4,2L,2L10X10X1-3/8X3/4,2L10X10X1-3/8X3/4,174.0,51.2,10.0,,,
2L10X10X1-3/8X1-1/2,2L,2L10X10X1-3/8X1-1/2,2L10X10X1-3/8X1-1/2,174.0,51.2,10.0,,,
2L10X10X1-1/4,2L,2L10X10X1-1/4,2L10X10X1-1/4,160.0,46.8,10.0,,,
2L10X10X1-1/4X3/4,2L,2L10X10X1-1/4X3/4,2L10X10X1-1/4X3/4,160.0,46.8,10.0,,,
2L10X10X1-1/4X1-1/2,2L,2L10X10X1-1/4X1-1/2,2L10X10X1-1/4X1-1/2,160.0,46.8,10.0,,,
2L10X10X1-1/8,2L,2L10X10X1-1/8,2L10X10X1-1/8,145.0,42.6,10.0,,,
2L10X10X1-1/8X3/4,2L,2L10X10X1-1/8X3/4,2L10X10X1-1/8X3/4,145.0,42.6,10.0,,,
2L10X10X1-1/8X1-1/2,2L,2L10X10X1-1/8X1-1/2,2L10X10X1-1/8X1-1/2,145.0,42.6,10.0,,,
2L10X10X1,2L,2L10X10X1,2L10X10X1,129.0,38.0,10.0,,,
2L10X10X1X3/4,2L,2L10X10X1X3/4,2L10X10X1X3/4,129.0,38.0,10.0,,,
2L10X10X1X1-1/2,2L,2L10X10X1X1-1/2,2L10X10X1X1-1/2,129.0,38.0,10.0,,,
2L10X10X7/8,2L,2L10X10X7/8,2L10X10X7/8,114.0,33.6,10.0,,,
2L10X10X7/8X3/4,2L,2L10X10X7/8X3/4,2L10X10X7/8X3/4,114.0,33.6,10.0,,,
2L10X10X7/8X1-1/2,2L,2L10X10X7/8X1-1/2,2L10X10X7/8X1-1/2,114.0,33.6,10.0,,,
2L10X10X3/4,2L,2L10X10X3/4,2L10X10X3/4,98.2,29.0,10.0,,,
2L10X10X3/4X3/4,2L,2L10X10X3/4X3/4,2L10X10X3/4X3/4,98.2,29.0,10.0,,,
2L10X10X3/4X1-1/2,2L,2L10X10X3/4X1-1/2,2L10X10X3/4X1-1/2,98.2,29.0,10.0,,,
2L8X8X1-1/8,2L,2L8X8X1-1/8,2L8X8X1-1/8,114.0,33.6,8.0,,,
2L8X8X1-1/8X3/8,2L,2L8X8X1-1/8X3/8,2L8X8X1-1/8X3/8,114.0,33.6,8.0,,,
2L8X8X1-1/8X3/4,2L,2L8X8X1-1/8X3/4,2L8X8X1-1/8X3/4,114.0,33.6,8.0,,,
2L8X8X1,2L,2L8X8X1,2L8X8X1,102.0,30.2,8.0,,,
2L8X8X1X3/8,2L,2L8X8X1X3/8,2L8X8X1X3/8,102.0,30.2,8.0,,,
2L8X8X1X3/4,2L,2L8X8X1X3/4,2L8X8X1X3/4,102.0,30.2,8.0,,,
2L8X8X7/8,2L,2L8X8X7/8,2L8X8X7/8,90.0,26.6,8.0,,,
2L8X8X7/8X3/8,2L,2L8X8X7/8X3/8,2L8X8X7/8X3/8,90.0,26.6,8.0,,,
2L8X8X7/8X3/4,2L,2L8X8X7/8X3/4,2L8X8X7/8X3/4,90.0,26.6,8.0,,,
2L8X8X3/4,2L,2L8X8X3/4,2L8X8X3/4,77.8,23.0,8.0,,,
2L8X8X3/4X3/8,2L,2L8X8X3/4X3/8,2L8X8X3/4X3/8,77.8,23.0,8.0,,,
2L8X8X3/4X3/4,2L,2L8X8X3/4X3/4,2L8X8X3/4X3/4,77.8,23.0,8.0,,,
2L8X8X5/8,2L,2L8X8X5/8,2L8X8X5/8,65.4,19.4,8.0,,,
2L8X8X5/8X3/8,2L,2L8X8X5/8X3/8,2L8X8X5/8X3/8,65.4,19.4,8.0,,,
2L8X8X5/8X3/4,2L,2L8X8X5/8X3/4,2L8X8X5/8X3/4,65.4,19.4,8.0,,,
2L8X8X9/16,2L,2L8X8X9/16,2L8X8X9/16,59.2,17.5,8.0,,,
2L8X8X9/16X3/8,2L,2L8X8X9/16X3/8,2L8X8X9/16X3/8,59.2,17.5,8.0,,,
2L8X8X9/16X3/4,2L,2L8X8X9/16X3/4,2L8X8X9/16X3/4,59.2,17.5,8.0,,,
2L8X8X1/2,2L,2L8X8X1/2,2L8X8X1/2,52.8,15.7,8.0,,,
2L8X8X1/2X3/8,2L,2L8X8X1/2X3/8,2L8X8X1/2X3/8,52.8,15.7,8.0,,,
2L8X8X1/2X3/4,2L,2L8X8X1/2X3/4,2L8X8X1/2X3/4,52.8,15.7,8.0,,,
2L6X6X1,2L,2L6X6X1,2L6X6X1,74.8,22.0,6.0,,,
2L6X6X1X3/8,2L,2L6X6X1X3/8,2L6X6X1X3/8,74.8,22.0,6.0,,,
2L6X6X1X3/4,2L,2L6X6X1X3/4,2L6X6X1X3/4,74.8,22.0,6.0,,,
2L6X6X7/8,2L,2L6X6X7/8,2L6X6X7/8,66.2,19.5,6.0,,,
2L6X6X7/8X3/8,2L,2L6X6X7/8X3/8,2L6X6X7/8X3/8,66.2,19.5,6.0,,,
2L6X6X7/8X3/4,2L,2L6X6X7/8X3/4,2L6X6X7/8X3/4,66.2,19.5,6.0,,,
2L6X6X3/4,2L,2L6X6X3/4,2L6X6X3/4,57.4,16.9,6.0,,,
2L6X6X3/4X3/8,2L,2L6X6X3/4X3/8,2L6X6X3/4X3/8,57.4,16.9,6.0,,,
2L6X6X3/4X3/4,2L,2L6X6X3/4X3/4,2L6X6X3/4X3/4,57.4,16.9,6.0,,,
2L6X6X5/8,2L,2L6X6X5/8,2L6X6X5/8,48.4,14.3,6.0,,,
2L6X6X5/8X3/8,2L,2L6X6X5/8X3/8,2L6X6X5/8X3/8,48.4,14.3,6.0,,,
2L6X6X5/8X3/4,2L,2L6X6X5/8X3/4,2L6X6X5/8X3/4,48.4,14.3,6.0,,,
2L6X6X9/16,2L,2L6X6X9/16,2L6X6X9/16,43.8,12.9,6.0,,,
2L6X6X9/16X3/8,2L,2L6X6X9/16X3/8,2L6X6X9/16X3/8,43.8,12.9,6.0,,,
2L6X6X9/16X3/4,2L,2L6X6X9/16X3/4,2L6X6X9/16X3/4,43.8,12.9,6.0,,,
2L6X6X1/2,2L,2L6X6X1/2,2L6X6X1/2,39.2,11.5,6.0,,,
2L6X6X1/2X3/8,2L,2L6X6X1/2X3/8,2L6X6X1/2X3/8,39.2,11.5,6.0,,,
2L6X6X1/2X3/4,2L,2L6X6X1/2X3/4,2L6X6X1/2X3/4,39.2,11.5,6.0,,,
2L6X6X7/16,2L,2L6X6X7/16,2L6X6X7/16,34.4,10.2,6.0,,,
2L6X6X7/16X3/8,2L,2L6X6X7/16X3/8,2L6X6X7/16X3/8,34.4,10.2,6.0,,,
2L6X6X7/16X3/4,2L,2L6X6X7/16X3/4,2L6X6X7/16X3/4,34.4,10.2,6.0,,,
2L6X6X3/8,2L,2L6X6X3/8,2L6X6X3/8,29.8,8.76,6.0,,,
2L6X6X3/8X3/8,2L,2L6X6X3/8X3/8,2L6X6X3/8X3/8,29.8,8.76,6.0,,,
2L6X6X3/8X3/4,2L,2L6X6X3/8X3/4,2L6X6X3/8X3/4,29.8,8.76,6.0,,,
2L6X6X5/16,2L,2L6X6X5/16,2L6X6X5/16,24.8,7.34,6.0,,,
2L6X6X5/16X3/8,2L,2L6X6X5/16X3/8,2L6X6X5/16X3/8,24.8,7.34,6.0,,,
2L6X6X5/16X3/4,2L,2L6X6X5/16X3/4,2L6X6X5/16X3/4,24.8,7.34,6.0,,,
2L5X5X7/8,2L,2L5X5X7/8,2L5X5X7/8,54.4,16.0,5.0,,,
2L5X5X7/8X3/8,2L,2L5X5X7/8X3/8,2L5X5X7/8X3/8,54.4,16.0,5.0,,,
2L5X5X7/8X3/4,2L,2L5X5X7/8X3/4,2L5X5X7/8X3/4,54.4,16.0,5.0,,,
2L5X5X3/4,2L,2L5X5X3/4,2L5X5X3/4,47.2,14.0,5.0,,,
2L5X5X3/4X3/8,2L,2L5X5X3/4X3/8,2L5X5X3/4X3/8,47.2,14.0,5.0,,,
2L5X5X3/4X3/4,2L,2L5X5X3/4X3/4,2L5X5X3/4X3/4,47.2,14.0,5.0,,,
2L5X5X5/8,2L,2L5X5X5/8,2L5X5X5/8,40.0,11.8,5.0,,,
2L5X5X5/8X3/8,2L,2L5X5X5/8X3/8,2L5X5X5/8X3/8,40.0,11.8,5.0,,,
2L5X5X5/8X3/4,2L,2L5X5X5/8X3/4,2L5X5X5/8X3/4,40.0,11.8,5.0,,,
2L5X5X1/2,2L,2L5X5X1/2,2L5X5X1/2,32.4,9.58,5.0,,,
2L5X5X1/2X3/8,2L,2L5X5X1/2X3/8,2L5X5X1/2X3/8,32.4,9.58,5.0,,,
2L5X5X1/2X3/4,2L,2L5X5X1/2X3/4,2L5X5X1/2X3/4,32.4,9.58,5.0,,,
2L5X5X7/16,2L,2L5X5X7/16,2L5X5X7/16,28.6,8.44,5.0,,,
2L5X5X7/16X3/8,2L,2L5X5X7/16X3/8,2L5X5X7/16X3/8,28.6,8.44,5.0,,,
2L5X5X7/16X3/4,2L,2L5X5X7/16X3/4,2L5X5X7/16X3/4,28.6,8.44,5.0,,,
2L5X5X3/8,2L,2L5X5X3/8,2L5X5X3/8,24.6,7.3,5.0,,,
2L5X5X3/8X3/8,2L,2L5X5X3/8X3/8,2L5X5X3/8X3/8,24.6,7.3,5.0,,,
2L5X5X3/8X3/4,2L,2L5X5X3/8X3/4,2L5X5X3/8X3/4,24.6,7.3,5.0,,,
2L5X5X5/16,2L,2L5X5X5/16,2L5X5X5/16,20.6,6.14,5.0,,,
2L5X5X5/16X3/8,2L,2L5X5X5/16X3/8,2L5X5X5/16X3/8,20.6,6.14,5.0,,,
2L5X5X5/16X3/4,2L,2L5X5X5/16X3/4,2L5X5X5/16X3/4,20.6,6.14,5.0,,,
2L4X4X3/4,2L,2L4X4X3/4,2L4X4X3/4,37.0,10.9,4.0,,,
2L4X4X3/4X3/8,2L,2L4X4X3/4X3/8,2L4X4X3/4X3/8,37.0,10.9,4.0,,,
2L4X4X3/4X3/4,2L,2L4X4X3/4X3/4,2L4X4X3/4X3/4,37.0,10.9,4.0,,,
2L4X4X5/8,2L,2L4X4X5/8,2L4X4X5/8,31.4,9.22,4.0,,,
2L4X4X5/8X3/8,2L,2L4X4X5/8X3/8,2L4X4X5/8X3/8,31.4,9.22,4.0,,,
2L4X4X5/8X3/4,2L,2L4X4X5/8X3/4,2L4X4X5/8X3/4,31.4,9.22,4.0,,,
2L4X4X1/2,2L,2L4X4X1/2,2L4X4X1/2,25.6,7.5,4.0,,,
2L4X4X1/2X3/8,2L,2L4X4X1/2X3/8,2L4X4X1/2X3/8,25.6,7.5,4.0,,,
2L4X4X1/2X3/4,2L,2L4X4X1/2X3/4,2L4X4X1/2X3/4,25.6,7.5,4.0,,,
2L4X4X7/16,2L,2L4X4X7/16,2L4X4X7/16,22.6,6.6,4.0,,,
2L4X4X7/16X3/8,2L,2L4X4X7/16X3/8,2L4X4X7/16X3/8,22.6,6.6,4.0,,,
2L4X4X7/16X3/4,2L,2L4X4X7/16X3/4,2L4X4X7/16X3/4,22.6,6.6,4.0,,,
2L4X4X3/8,2L,2L4X4X3/8,2L4X4X3/8,19.6,5.72,4.0,,,
2L4X4X3/8X3/8,2L,2L4X4X3/8X3/8,2L4X4X3/8X3/8,19.6,5.72,4.0,,,
2L4X4X3/8X3/4,2L,2L4X4X3/8X3/4,2L4X4X3/8X3/4,19.6,5.72,4.0,,,
2L4X4X5/16,2L,2L4X4X5/16,2L4X4X5/16,16.4,4.8,4.0,,,
2L4X4X5/16X3/8,2L,2L4X4X5/16X3/8,2L4X4X5/16X3/8,16.4,4.8,4.0,,,
2L4X4X5/16X3/4,2L,2L4X4X5/16X3/4,2L4X4X5/16X3/4,16.4,4.8,4.0,,,
2L4X4X1/4,2L,2L4X4X1/4,2L4X4X1/4,13.2,3.86,4.0,,,
2L4X4X1/4X3/8,2L,2L4X4X1/4X3/8,2L4X4X1/4X3/8,13.2,3.86,4.0,,,
2L4X4X1/4X3/4,2L,2L4X4X1/4X3/4,2L4X4X1/4X3/4,13.2,3.86,4.0,,,
2L3-1/2X3-1/2X1/2,2L,2L3-1/2X3-1/2X1/2,2L3-1/2X3-1/2X1/2,22.2,6.5,3.5,,,
2L3-1/2X3-1/2X1/2X3/8,2L,2L3-1/2X3-1/2X1/2X3/8,2L3-1/2X3-1/2X1/2X3/8,22.2,6.5,3.5,,,
2L3-1/2X3-1/2X1/2X3/4,2L,2L3-1/2X3-1/2X1/2X3/4,2L3-1/2X3-1/2X1/2X3/4,22.2,6.5,3.5,,,
2L3-1/2X3-1/2X7/16,2L,2L3-1/2X3-1/2X7/16,2L3-1/2X3-1/2X7/16,19.6,5.78,3.5,,,
2L3-1/2X3-1/2X7/16X3/8,2L,2L3-1/2X3-1/2X7/16X3/8,2L3-1/2X3-1/2X7/16X3/8,19.6,5.78,3.5,,,
2L3-1/2X3-1/2X7/16X3/4,2L,2L3-1/2X3-1/2X7/16X3/4,2L3-1/2X3-1/2X7/16X3/4,19.6,5.78,3.5,,,
2L3-1/2X3-1/2X3/8,2L,2L3-1/2X3-1/2X3/8,2L3-1/2X3-1/2X3/8,17.0,5.0,3.5,,,
2L3-1/2X3-1/2X3/8X3/8,2L,2L3-1/2X3-1/2X3/8X3/8,2L3-1/2X3-1/2X3/8X3/8,17.0,5.0,3.5,,,
2L3-1/2X3-1/2X3/8X3/4,2L,2L3-1/2X3-1/2X3/8X3/4,2L3-1/2X3-1/2X3/8X3/4,17.0,5.0,3.5,,,
2L3-1/2X3-1/2X5/16,2L,2L3-1/2X3-1/2X5/16,2L3-1/2X3-1/2X5/16,14.4,4.2,3.5,,,
2L3-1/2X3-1/2X5/16X3/8,2L,2L3-1/2X3-1/2X5/16X3/8,2L3-1/2X3-1/2X5/16X3/8,14.4,4.2,3.5,,,
2L3-1/2X3-1/2X5/16X3/4,2L,2L3-1/2X3-1/2X5/16X3/4,2L3-1/2X3-1/2X5/16X3/4,14.4,4.2,3.5,,,
2L3-1/2X3-1/2X1/4,2L,2L3-1/2X3-1/2X1/4,2L3-1/2X3-1/2X1/4,11.6,3.4,3.5,,,
2L3-1/2X3-1/2X1/4X3/8,2L,2L3-1/2X3-1/2X1/4X3/8,2L3-1/2X3-1/2X1/4X3/8,11.6,3.4,3.5,,,
2L3-1/2X3-1/2X1/4X3/4,2L,2L3-1/2X3-1/2X1/4X3/4,2L3-1/2X3-1/2X1/4X3/4,11.6,3.4,3.5,,,
2L3X3X1/2,2L,2L3X3X1/2,2L3X3X1/2,18.8,5.52,3.0,,,
2L3X3X1/2X3/8,2L,2L3X3X1/2X3/8,2L3X3X1/2X3/8,18.8,5.52,3.0,,,
2L3X3X1/2X3/4,2L,2L3X3X1/2X3/4,2L3X3X1/2X3/4,18.8,5.52,3.0,,,
2L3X3X7/16,2L,2L3X3X7/16,2L3X3X7/16,16.6,4.86,3.0,,,
2L3X3X7/16X3/8,2L,2L3X3X7/16X3/8,2L3X3X7/16X3/8,16.6,4.86,3.0,,,
2L3X3X7/16X3/4,2L,2L3X3X7/16X3/4,2L3X3X7/16X3/4,16.6,4.86,3.0,,,
2L3X3X3/8,2L,2L3X3X3/8,2L3X3X3/8,14.4,4.22,3.0,,,
2L3X3X3/8X3/8,2L,2L3X3X3/8X3/8,2L3X3X3/8X3/8,14.4,4.22,3.0,,,
2L3X3X3/8X3/4,2L,2L3X3X3/8X3/4,2L3X3X3/8X3/4,14.4,4.22,3.0,,,
2L3X3X5/16,2L,2L3X3X5/16,2L3X3X5/16,12.2,3.56,3.0,,,
2L3X3X5/16X3/8,2L,2L3X3X5/16X3/8,2L3X3X5/16X3/8,12.2,3.56,3.0,,,
2L3X3X5/16X3/4,2L,2L3X3X5/16X3/4,2L3X3X5/16X3/4,12.2,3.56,3.0,,,
2L3X3X1/4,2L,2L3X3X1/4,2L3X3X1/4,9.8,2.88,3.0,,,
2L3X3X1/4X3/8,2L,2L3X3X1/4X3/8,2L3X3X1/4X3/8,9.8,2.88,3.0,,,
2L3X3X1/4X3/4,2L,2L3X3X1/4X3/4,2L3X3X1/4X3/4,9.8,2.88,3.0,,,
2L3X3X3/16,2L,2L3X3X3/16,2L3X3X3/16,7.42,2.18,3.0,,,
2L3X3X3/16X3/8,2L,2L3X3X3/16X3/8,2L3X3X3/16X3/8,7.42,2.18,3.0,,,
2L3X3X3/16X3/4,2L,2L3X3X3/16X3/4,2L3X3X3/16X3/4,7.42,2.18,3.0,,,
2L2-1/2X2-1/2X1/2,2L,2L2-1/2X2-1/2X1/2,2L2-1/2X2-1/2X1/2,15.4,4.52,2.5,,,
2L2-1/2X2-1/2X1/2X3/8,2L,2L2-1/2X2-1/2X1/2X3/8,2L2-1/2X2-1/2X1/2X3/8,15.4,4.52,2.5,,,
2L2-1/2X2-1/2X1/2X3/4,2L,2L2-1/2X2-1/2X1/2X3/4,2L2-1/2X2-1/2X1/2X3/4,15.4,4.52,2.5,,,
2L2-1/2X2-1/2X3/8,2L,2L2-1/2X2-1/2X3/8,2L2-1/2X2-1/2X3/8,11.8,3.46,2.5,,,
2L2-1/2X2-1/2X3/8X3/8,2L,2L2-1/2X2-1/2X3/8X3/8,2L2-1/2X2-1/2X3/8X3/8,11.8,3.46,2.5,,,
2L2-1/2X2-1/2X3/8X3/4,2L,2L2-1/2X2-1/2X3/8X3/4,2L2-1/2X2-1/2X3/8X3/4,11.8,3.46,2.5,,,
2L2-1/2X2-1/2X5/16,2L,2L2-1/2X2-1/2X5/16,2L2-1/2X2-1/2X5/16,10.0,2.92,2.5,,,
2L2-1/2X2-1/2X5/16X3/8,2L,2L2-1/2X2-1/2X5/16X3/8,2L2-1/2X2-1/2X5/16X3/8,10.0,2.92,2.5,,,
2L2-1/2X2-1/2X5/16X3/4,2L,2L2-1/2X2-1/2X5/16X3/4,2L2-1/2X2-1/2X5/16X3/4,10.0,2.92,2.5,,,
2L2-1/2X2-1/2X1/4,2L,2L2-1/2X2-1/2X1/4,2L2-1/2X2-1/2X1/4,8.2,2.38,2.5,,,
2L2-1/2X2-1/2X1/4X3/8,2L,2L2-1/2X2-1/2X1/4X3/8,2L2-1/2X2-1/2X1/4X3/8,8.2,2.38,2.5,,,
2L2-1/2X2-1/2X1/4X3/4,2L,2L2-1/2X2-1/2X1/4X3/4,2L2-1/2X2-1/2X1/4X3/4,8.2,2.38,2.5,,,
2L2-1/2X2-1/2X3/16,2L,2L2-1/2X2-1/2X3/16,2L2-1/2X2-1/2X3/16,6.14,1.8,2.5,,,
2L2-1/2X2-1/2X3/16X3/8,2L,2L2-1/2X2-1/2X3/16X3/8,2L2-1/2X2-1/2X3/16X3/8,6.14,1.8,2.5,,,
2L2-1/2X2-1/2X3/16X3/4,2L,2L2-1/2X2-1/2X3/16X3/4,2L2-1/2X2-1/2X3/16X3/4,6.14,1.8,2.5,,,
2L2X2X3/8,2L,2L2X2X3/8,2L2X2X3/8,9.4,2.74,2.0,,,
2L2X2X3/8X3/8,2L,2L2X2X3/8X3/8,2L2X2X3/8X3/8,9.4,2.74,2.0,,,
2L2X2X3/8X3/4,2L,2L2X2X3/8X3/4,2L2X2X3/8X3/4,9.4,2.74,2.0,,,
2L2X2X5/16,2L,2L2X2X5/16,2L2X2X5/16,7.84,2.32,2.0,,,
2L2X2X5/16X3/8,2L,2L2X2X5/16X3/8,2L2X2X5/16X3/8,7.84,2.32,2.0,,,
2L2X2X5/16X3/4,2L,2L2X2X5/16X3/4,2L2X2X5/16X3/4,7.84,2.32,2.0,,,
2L2X2X1/4,2L,2L2X2X1/4,2L2X2X1/4,6.38,1.89,2.0,,,
2L2X2X1/4X3/8,2L,2L2X2X1/4X3/8,2L2X2X1/4X3/8,6.38,1.89,2.0,,,
2L2X2X1/4X3/4,2L,2L2X2X1/4X3/4,2L2X2X1/4X3/4,6.38,1.89,2.0,,,
2L2X2X3/16,2L,2L2X2X3/16,2L2X2X3/16,4.88,1.44,2.0,,,
2L2X2X3/16X3/8,2L,2L2X2X3/16X3/8,2L2X2X3/16X3/8,4.88,1.44,2.0,,,
2L2X2X3/16X3/4,2L,2L2X2X3/16X3/4,2L2X2X3/16X3/4,4.88,1.44,2.0,,,
2L2X2X1/8,2L,2L2X2X1/8,2L2X2X1/8,3.3,0.98,2.0,,,
2L2X2X1/8X3/8,2L,2L2X2X1/8X3/8,2L2X2X1/8X3/8,3.3,0.98,2.0,,,
2L2X2X1/8X3/4,2L,2L2X2X1/8X3/4,2L2X2X1/8X3/4,3.3,0.98,2.0,,,
2L8X6X1LLBB,2L,2L8X6X1LLBB,2L8X6X1LLBB,88.4,26.2,8.0,,,
2L8X6X1X3/8LLBB,2L,2L8X6X1X3/8LLBB,2L8X6X1X3/8LLBB,88.4,26.2,8.0,,,
2L8X6X1X3/4LLBB,2L,2L8X6X1X3/4LLBB,2L8X6X1X3/4LLBB,88.4,26.2,8.0,,,
2L8X6X7/8LLBB,2L,2L8X6X7/8LLBB,2L8X6X7/8LLBB,78.2,23.0,8.0,,,
2L8X6X7/8X3/8LLBB,2L,2L8X6X7/8X3/8LLBB,2L8X6X7/8X3/8LLBB,78.2,23.0,8.0,,,
2L8X6X7/8X3/4LLBB,2L,2L8X6X7/8X3/4LLBB,2L8X6X7/8X3/4LLBB,78.2,23.0,8.0,,,
2L8X6X3/4LLBB,2L,2L8X6X3/4LLBB,2L8X6X3/4LLBB,67.6,20.0,8.0,,,
2L8X6X3/4X3/8LLBB,2L,2L8X6X3/4X3/8LLBB,2L8X6X3/4X3/8LLBB,67.6,20.0,8.0,,,
2L8X6X3/4X3/4LLBB,2L,2L8X6X3/4X3/4LLBB,2L8X6X3/4X3/4LLBB,67.6,20.0,8.0,,,
2L8X6X5/8LLBB,2L,2L8X6X5/8LLBB,2L8X6X5/8LLBB,57.0,16.8,8.0,,,
2L8X6X5/8X3/8LLBB,2L,2L8X6X5/8X3/8LLBB,2L8X6X5/8X3/8LLBB,57.0,16.8,8.0,,,
2L8X6X5/8X3/4LLBB,2L,2L8X6X5/8X3/4LLBB,2L8X6X5/8X3/4LLBB,57.0,16.8,8.0,,,
2L8X6X9/16LLBB,2L,2L8X6X9/16LLBB,2L8X6X9/16LLBB,51.4,15.2,8.0,,,
2L8X6X9/16X3/8LLBB,2L,2L8X6X9/16X3/8LLBB,2L8X6X9/16X3/8LLBB,51.4,15.2,8.0,,,
2L8X6X9/16X3/4LLBB,2L,2L8X6X9/16X3/4LLBB,2L8X6X9/16X3/4LLBB,51.4,15.2,8.0,,,
2L8X6X1/2LLBB,2L,2L8X6X1/2LLBB,2L8X6X1/2LLBB,46.0,13.6,8.0,,,
2L8X6X1/2X3/8LLBB,2L,2L8X6X1/2X3/8LLBB,2L8X6X1/2X3/8LLBB,46.0,13.6,8.0,,,
2L8X6X1/2X3/4LLBB,2L,2L8X6X1/2X3/4LLBB,2L8X6X1/2X3/4LLBB,46.0,13.6,8.0,,,
2L8X6X7/16LLBB,2L,2L8X6X7/16LLBB,2L8X6X7/16LLBB,40.4,12.0,8.0,,,
2L8X6X7/16X3/8LLBB,2L,2L8X6X7/16X3/8LLBB,2L8X6X7/16X3/8LLBB,40.4,12.0,8.0,,,
2L8X6X7/16X3/4LLBB,2L,2L8X6X7/16X3/4LLBB,2L8X6X7/16X3/4LLBB,40.4,12.0,8.0,,,
2L8X4X1LLBB,2L,2L8X4X1LLBB,2L8X4X1LLBB,74.8,22.2,8.0,,,
2L8X4X1X3/8LLBB,2L,2L8X4X1X3/8LLBB,2L8X4X1X3/8LLBB,74.8,22.2,8.0,,,
2L8X4X1X3/4LLBB,2L,2L8X4X1X3/4LLBB,2L8X4X1X3/4LLBB,74.8,22.2,8.0,,,
2L8X4X7/8LLBB,2L,2L8X4X7/8LLBB,2L8X4X7/8LLBB,66.2,19.6,8.0,,,
2L8X4X7/8X3/8LLBB,2L,2L8X4X7/8X3/8LLBB,2L8X4X7/8X3/8LLBB,66.2,19.6,8.0,,,
2L8X4X7/8X3/4LLBB,2L,2L8X4X7/8X3/4LLBB,2L8X4X7/8X3/4LLBB,66.2,19.6,8.0,,,
2L8X4X3/4LLBB,2L,2L8X4X3/4LLBB,2L8X4X3/4LLBB,57.4,17.0,8.0,,,
2L8X4X3/4X3/8LLBB,2L,2L8X4X3/4X3/8LLBB,2L8X4X3/4X3/8LLBB,57.4,17.0,8.0,,,
2L8X4X3/4X3/4LLBB,2L,2L8X4X3/4X3/4LLBB,2L8X4X3/4X3/4LLBB,57.4,17.0,8.0,,,
2L8X4X5/8LLBB,2L,2L8X4X5/8LLBB,2L8X4X5/8LLBB,48.4,14.3,8.0,,,
2L8X4X5/8X3/8LLBB,2L,2L8X4X5/8X3/8LLBB,2L8X4X5/8X3/8LLBB,48.4,14.3,8.0,,,
2L8X4X5/8X3/4LLBB,2L,2L8X4X5/8X3/4LLBB,2L8X4X5/8X3/4LLBB,48.4,14.3,8.0,,,
2L8X4X9/16LLBB,2L,2L8X4X9/16LLBB,2L8X4X9/16LLBB,43.8,13.0,8.0,,,
2L8X4X9/16X3/8LLBB,2L,2L8X4X9/16X3/8LLBB,2L8X4X9/16X3/8LLBB,43.8,13.0,8.0,,,
2L8X4X9/16X3/4LLBB,2L,2L8X4X9/16X3/4LLBB,2L8X4X9/16X3/4LLBB,43.8,13.0,8.0,,,
2L8X4X1/2LLBB,2L,2L8X4X1/2LLBB,2L8X4X1/2LLBB,39.2,11.6,8.0,,,
2L8X4X1/2X3/8LLBB,2L,2L8X4X1/2X3/8LLBB,2L8X4X1/2X3/8LLBB,39.2,11.6,8.0,,,
2L8X4X1/2X3/4LLBB,2L,2L8X4X1/2X3/4LLBB,2L8X4X1/2X3/4LLBB,39.2,11.6,8.0,,,
2L8X4X7/16LLBB,2L,2L8X4X7/16LLBB,2L8X4X7/16LLBB,34.4,10.2,8.0,,,
2L8X4X7/16X3/8LLBB,2L,2L8X4X7/16X3/8LLBB,2L8X4X7/16X3/8LLBB,34.4,10.2,8.0,,,
2L8X4X7/16X3/4LLBB,2L,2L8X4X7/16X3/4LLBB,2L8X4X7/16X3/4LLBB,34.4,10.2,8.0,,,
2L7X4X3/4LLBB,2L,2L7X4X3/4LLBB,2L7X4X3/4LLBB,52.4,15.5,7.0,,,
2L7X4X3/4X3/8LLBB,2L,2L7X4X3/4X3/8LLBB,2L7X4X3/4X3/8LLBB,52.4,15.5,7.0,,,
2L7X4X3/4X3/4LLBB,2L,2L7X4X3/4X3/4LLBB,2L7X4X3/4X3/4LLBB,52.4,15.5,7.0,,,
2L7X4X5/8LLBB,2L,2L7X4X5/8LLBB,2L7X4X5/8LLBB,44.2,13.0,7.0,,,
2L7X4X5/8X3/8LLBB,2L,2L7X4X5/8X3/8LLBB,2L7X4X5/8X3/8LLBB,44.2,13.0,7.0,,,
2L7X4X5/8X3/4LLBB,2L,2L7X4X5/8X3/4LLBB,2L7X4X5/8X3/4LLBB,44.2,13.0,7.0,,,
2L7X4X1/2LLBB,2L,2L7X4X1/2LLBB,2L7X4X1/2LLBB,35.8,10.5,7.0,,,
2L7X4X1/2X3/8LLBB,2L,2L7X4X1/2X3/8LLBB,2L7X4X1/2X3/8LLBB,35.8,10.5,7.0,,,
2L7X4X1/2X3/4LLBB,2L,2L7X4X1/2X3/4LLBB,2L7X4X1/2X3/4LLBB,35.8,10.5,7.0,,,
2L7X4X7/16LLBB,2L,2L7X4X7/16LLBB,2L7X4X7/16LLBB,31.4,9.26,7.0,,,
2L7X4X7/16X3/8LLBB,2L,2L7X4X7/16X3/8LLBB,2L7X4X7/16X3/8LLBB,31.4,9.26,7.0,,,
2L7X4X7/16X3/4LLBB,2L,2L7X4X7/16X3/4LLBB,2L7X4X7/16X3/4LLBB,31.4,9.26,7.0,,,
2L7X4X3/8LLBB,2L,2L7X4X3/8LLBB,2L7X4X3/8LLBB,27.2,8.0,7.0,,,
2L7X4X3/8X3/8LLBB,2L,2L7X4X3/8X3/8LLBB,2L7X4X3/8X3/8LLBB,27.2,8.0,7.0,,,
2L7X4X3/8X3/4LLBB,2L,2L7X4X3/8X3/4LLBB,2L7X4X3/8X3/4LLBB,27.2,8.0,7.0,,,
2L6X4X7/8LLBB,2L,2L6X4X7/8LLBB,2L6X4X7/8LLBB,54.4,16.0,6.0,,,
2L6X4X7/8X3/8LLBB,2L,2L6X4X7/8X3/8LLBB,2L6X4X7/8X3/8LLBB,54.4,16.0,6.0,,,
2L6X4X7/8X3/4LLBB,2L,2L6X4X7/8X3/4LLBB,2L6X4X7/8X3/4LLBB,54.4,16.0,6.0,,,
2L6X4X3/4LLBB,2L,2L6X4X3/4LLBB,2L6X4X3/4LLBB,47.2,13.9,6.0,,,
2L6X4X3/4X3/8LLBB,2L,2L6X4X3/4X3/8LLBB,2L6X4X3/4X3/8LLBB,47.2,13.9,6.0,,,
2L6X4X3/4X3/4LLBB,2L,2L6X4X3/4X3/4LLBB,2L6X4X3/4X3/4LLBB,47.2,13.9,6.0,,,
2L6X4X5/8LLBB,2L,2L6X4X5/8LLBB,2L6X4X5/8LLBB,40.0,11.7,6.0,,,
2L6X4X5/8X3/8LLBB,2L,2L6X4X5/8X3/8LLBB,2L6X4X5/8X3/8LLBB,40.0,11.7,6.0,,,
2L6X4X5/8X3/4LLBB,2L,2L6X4X5/8X3/4LLBB,2L6X4X5/8X3/4LLBB,40.0,11.7,6.0,,,
2L6X4X9/16LLBB,2L,2L6X4X9/16LLBB,2L6X4X9/16LLBB,36.2,10.6,6.0,,,
2L6X4X9/16X3/8LLBB,2L,2L6X4X9/16X3/8LLBB,2L6X4X9/16X3/8LLBB,36.2,10.6,6.0,,,
2L6X4X9/16X3/4LLBB,2L,2L6X4X9/16X3/4LLBB,2L6X4X9/16X3/4LLBB,36.2,10.6,6.0,,,
2L6X4X1/2LLBB,2L,2L6X4X1/2LLBB,2L6X4X1/2LLBB,32.4,9.5,6.0,,,
2L6X4X1/2X3/8LLBB,2L,2L6X4X1/2X3/8LLBB,2L6X4X1/2X3/8LLBB,32.4,9.5,6.0,,,
2L6X4X1/2X3/4LLBB,2L,2L6X4X1/2X3/4LLBB,2L6X4X1/2X3/4LLBB,32.4,9.5,6.0,,,
2L6X4X7/16LLBB,2L,2L6X4X7/16LLBB,2L6X4X7/16LLBB,28.6,8.36,6.0,,,
2L6X4X7/16X3/8LLBB,2L,2L6X4X7/16X3/8LLBB,2L6X4X7/16X3/8LLBB,28.6,8.36,6.0,,,
2L6X4X7/16X3/4LLBB,2L,2L6X4X7/16X3/4LLBB,2L6X4X7/16X3/4LLBB,28.6,8.36,6.0,,,
2L6X4X3/8LLBB,2L,2L6X4X3/8LLBB,2L6X4X3/8LLBB,24.6,7.22,6.0,,,
2L6X4X3/8X3/8LLBB,2L,2L6X4X3/8X3/8LLBB,2L6X4X3/8X3/8LLBB,24.6,7.22,6.0,,,
2L6X4X3/8X3/4LLBB,2L,2L6X4X3/8X3/4LLBB,2L6X4X3/8X3/4LLBB,24.6,7.22,6.0,,,
2L6X4X5/16LLBB,2L,2L6X4X5/16LLBB,2L6X4X5/16LLBB,20.6,6.06,6.0,,,
2L6X4X5/16X3/8LLBB,2L,2L6X4X5/16X3/8LLBB,2L6X4X5/16X3/8LLBB,20.6,6.06,6.0,,,
2L6X4X5/16X3/4LLBB,2L,2L6X4X5/16X3/4LLBB,2L6X4X5/16X3/4LLBB,20.6,6.06,6.0,,,
2L6X3-1/2X1/2LLBB,2L,2L6X3-1/2X1/2LLBB,2L6X3-1/2X1/2LLBB,30.6,9.0,6.0,,,
2L6X3-1/2X1/2X3/8LLBB,2L,2L6X3-1/2X1/2X3/8LLBB,2L6X3-1/2X1/2X3/8LLBB,30.6,9.0,6.0,,,
2L6X3-1/2X1/2X3/4LLBB,2L,2L6X3-1/2X1/2X3/4LLBB,2L6X3-1/2X1/2X3/4LLBB,30.6,9.0,6.0,,,
2L6X3-1/2X3/8LLBB,2L,2L6X3-1/2X3/8LLBB,2L6X3-1/2X3/8LLBB,23.4,6.88,6.0,,,
2L6X3-1/2X3/8X3/8LLBB,2L,2L6X3-1/2X3/8X3/8LLBB,2L6X3-1/2X3/8X3/8LLBB,23.4,6.88,6.0,,,
2L6X3-1/2X3/8X3/4LLBB,2L,2L6X3-1/2X3/8X3/4LLBB,2L6X3-1/2X3/8X3/4LLBB,23.4,6.88,6.0,,,
2L6X3-1/2X5/16LLBB,2L,2L6X3-1/2X5/16LLBB,2L6X3-1/2X5/16LLBB,19.6,5.78,6.0,,,
2L6X3-1/2X5/16X3/8LLBB,2L,2L6X3-1/2X5/16X3/8LLBB,2L6X3-1/2X5/16X3/8LLBB,19.6,5.78,6.0,,,
2L6X3-1/2X5/16X3/4LLBB,2L,2L6X3-1/2X5/16X3/4LLBB,2L6X3-1/2X5/16X3/4LLBB,19.6,5.78,6.0,,,
2L5X3-1/2X3/4LLBB,2L,2L5X3-1/2X3/4LLBB,2L5X3-1/2X3/4LLBB,39.6,11.7,5.0,,,
2L5X3-1/2X3/4X3/8LLBB,2L,2L5X3-1/2X3/4X3/8LLBB,2L5X3-1/2X3/4X3/8LLBB,39.6,11.7,5.0,,,
2L5X3-1/2X3/4X3/4LLBB,2L,2L5X3-1/2X3/4X3/4LLBB,2L5X3-1/2X3/4X3/4LLBB,39.6,11.7,5.0,,,
2L5X3-1/2X5/8LLBB,2L,2L5X3-1/2X5/8LLBB,2L5X3-1/2X5/8LLBB,33.6,9.86,5.0,,,
2L5X3-1/2X5/8X3/8LLBB,2L,2L5X3-1/2X5/8X3/8LLBB,2L5X3-1/2X5/8X3/8LLBB,33.6,9.86,5.0,,,
2L5X3-1/2X5/8X3/4LLBB,2L,2L5X3-1/2X5/8X3/4LLBB,2L5X3-1/2X5/8X3/4LLBB,33.6,9.86,5.0,,,
2L5X3-1/2X1/2LLBB,2L,2L5X3-1/2X1/2LLBB,2L5X3-1/2X1/2LLBB,27.2,8.0,5.0,,,
2L5X3-1/2X1/2X3/8LLBB,2L,2L5X3-1/2X1/2X3/8LLBB,2L5X3-1/2X1/2X3/8LLBB,27.2,8.0,5.0,,,
2L5X3-1/2X1/2X3/4LLBB,2L,2L5X3-1/2X1/2X3/4LLBB,2L5X3-1/2X1/2X3/4LLBB,27.2,8.0,5.0,,,
2L5X3-1/2X3/8LLBB,2L,2L5X3-1/2X3/8LLBB,2L5X3-1/2X3/8LLBB,20.8,6.1,5.0,,,
2L5X3-1/2X3/8X3/8LLBB,2L,2L5X3-1/2X3/8X3/8LLBB,2L5X3-1/2X3/8X3/8LLBB,20.8,6.1,5.0,,,
2L5X3-1/2X3/8X3/4LLBB,2L,2L5X3-1/2X3/8X3/4LLBB,2L5X3-1/2X3/8X3/4LLBB,20.8,6.1,5.0,,,
2L5X3-1/2X5/16LLBB,2L,2L5X3-1/2X5/16LLBB,2L5X3-1/2X5/16LLBB,17.4,5.12,5.0,,,
2L5X3-1/2X5/16X3/8LLBB,2L,2L5X3-1/2X5/16X3/8LLBB,2L5X3-1/2X5/16X3/8LLBB,17.4,5.12,5.0,,,
2L5X3-1/2X5/16X3/4LLBB,2L,2L5X3-1/2X5/16X3/4LLBB,2L5X3-1/2X5/16X3/4LLBB,17.4,5.12,5.0,,,
2L5X3-1/2X1/4LLBB,2L,2L5X3-1/2X1/4LLBB,2L5X3-1/2X1/4LLBB,14.0,4.14,5.0,,,
2L5X3-1/2X1/4X3/8LLBB,2L,2L5X3-1/2X1/4X3/8LLBB,2L5X3-1/2X1/4X3/8LLBB,14.0,4.14,5.0,,,
2L5X3-1/2X1/4X3/4LLBB,2L,2L5X3-1/2X1/4X3/4LLBB,2L5X3-1/2X1/4X3/4LLBB,14.0,4.14,5.0,,,
2L5X3X1/2LLBB,2L,2L5X3X1/2LLBB,2L5X3X1/2LLBB,25.6,7.5,5.0,,,
2L5X3X1/2X3/8LLBB,2L,2L5X3X1/2X3/8LLBB,2L5X3X1/2X3/8LLBB,25.6,7.5,5.0,,,
2L5X3X1/2X3/4LLBB,2L,2L5X3X1/2X3/4LLBB,2L5X3X1/2X3/4LLBB,25.6,7.5,5.0,,,
2L5X3X7/16LLBB,2L,2L5X3X7/16LLBB,2L5X3X7/16LLBB,22.6,6.62,5.0,,,
2L5X3X7/16X3/8LLBB,2L,2L5X3X7/16X3/8LLBB,2L5X3X7/16X3/8LLBB,22.6,6.62,5.0,,,
2L5X3X7/16X3/4LLBB,2L,2L5X3X7/16X3/4LLBB,2L5X3X7/16X3/4LLBB,22.6,6.62,5.0,,,
2L5X3X3/8LLBB,2L,2L5X3X3/8LLBB,2L5X3X3/8LLBB,19.6,5.72,5.0,,,
2L5X3X3/8X3/8LLBB,2L,2L5X3X3/8X3/8LLBB,2L5X3X3/8X3/8LLBB,19.6,5.72,5.0,,,
2L5X3X3/8X3/4LLBB,2L,2L5X3X3/8X3/4LLBB,2L5X3X3/8X3/4LLBB,19.6,5.72,5.0,,,
2L5X3X5/16LLBB,2L,2L5X3X5/16LLBB,2L5X3X5/16LLBB,16.4,4.82,5.0,,,
2L5X3X5/16X3/8LLBB,2L,2L5X3X5/16X3/8LLBB,2L5X3X5/16X3/8LLBB,16.4,4.82,5.0,,,
2L5X3X5/16X3/4LLBB,2L,2L5X3X5/16X3/4LLBB,2L5X3X5/16X3/4LLBB,16.4,4.82,5.0,,,
2L5X3X1/4LLBB,2L,2L5X3X1/4LLBB,2L5X3X1/4LLBB,13.2,3.88,5.0,,,
2L5X3X1/4X3/8LLBB,2L,2L5X3X1/4X3/8LLBB,2L5X3X1/4X3/8LLBB,13.2,3.88,5.0,,,
2L5X3X1/4X3/4LLBB,2L,2L5X3X1/4X3/4LLBB,2L5X3X1/4X3/4LLBB,13.2,3.88,5.0,,,
2L4X3-1/2X1/2LLBB,2L,2L4X3-1/2X1/2LLBB,2L4X3-1/2X1/2LLBB,23.8,7.0,4.0,,,
2L4X3-1/2X1/2X3/8LLBB,2L,2L4X3-1/2X1/2X3/8LLBB,2L4X3-1/2X1/2X3/8LLBB,23.8,7.0,4.0,,,
2L4X3-1/2X1/2X3/4LLBB,2L,2L4X3-1/2X1/2X3/4LLBB,2L4X3-1/2X1/2X3/4LLBB,23.8,7.0,4.0,,,
2L4X3-1/2X3/8LLBB,2L,2L4X3-1/2X3/8LLBB,2L4X3-1/2X3/8LLBB,18.2,5.36,4.0,,,
2L4X3-1/2X3/8X3/8LLBB,2L,2L4X3-1/2X3/8X3/8LLBB,2L4X3-1/2X3/8X3/8LLBB,18.2,5.36,4.0,,,
2L4X3-1/2X3/8X3/4LLBB,2L,2L4X3-1/2X3/8X3/4LLBB,2L4X3-1/2X3/8X3/4LLBB,18.2,5.36,4.0,,,
2L4X3-1/2X5/16LLBB,2L,2L4X3-1/2X5/16LLBB,2L4X3-1/2X5/16LLBB,15.4,4.5,4.0,,,
2L4X3-1/2X5/16X3/8LLBB,2L,2L4X3-1/2X5/16X3/8LLBB,2L4X3-1/2X5/16X3/8LLBB,15.4,4.5,4.0,,,
2L4X3-1/2X5/16X3/4LLBB,2L,2L4X3-1/2X5/16X3/4LLBB,2L4X3-1/2X5/16X3/4LLBB,15.4,4.5,4.0,,,
2L4X3-1/2X1/4LLBB,2L,2L4X3-1/2X1/4LLBB,2L4X3-1/2X1/4LLBB,12.4,3.64,4.0,,,
2L4X3-1/2X1/4X3/8LLBB,2L,2L4X3-1/2X1/4X3/8LLBB,2L4X3-1/2X1/4X3/8LLBB,12.4,3.64,4.0,,,
2L4X3-1/2X1/4X3/4LLBB,2L,2L4X3-1/2X1/4X3/4LLBB,2L4X3-1/2X1/4X3/4LLBB,12.4,3.64,4.0,,,
2L4X3X5/8LLBB,2L,2L4X3X5/8LLBB,2L4X3X5/8LLBB,27.2,7.98,4.0,,,
2L4X3X5/8X3/8LLBB,2L,2L4X3X5/8X3/8LLBB,2L4X3X5/8X3/8LLBB,27.2,7.98,4.0,,,
2L4X3X5/8X3/4LLBB,2L,2L4X3X5/8X3/4LLBB,2L4X3X5/8X3/4LLBB,27.2,7.98,4.0,,,
2L4X3X1/2LLBB,2L,2L4X3X1/2LLBB,2L4X3X1/2LLBB,22.2,6.5,4.0,,,
2L4X3X1/2X3/8LLBB,2L,2L4X3X1/2X3/8LLBB,2L4X3X1/2X3/8LLBB,22.2,6.5,4.0,,,
2L4X3X1/2X3/4LLBB,2L,2L4X3X1/2X3/4LLBB,2L4X3X1/2X3/4LLBB,22.2,6.5,4.0,,,
2L4X3X3/8LLBB,2L,2L4X3X3/8LLBB,2L4X3X3/8LLBB,17.0,4.98,4.0,,,
2L4X3X3/8X3/8LLBB,2L,2L4X3X3/8X3/8LLBB,2L4X3X3/8X3/8LLBB,17.0,4.98,4.0,,,
2L4X3X3/8X3/4LLBB,2L,2L4X3X3/8X3/4LLBB,2L4X3X3/8X3/4LLBB,17.0,4.98,4.0,,,
2L4X3X5/16LLBB,2L,2L4X3X5/16LLBB,2L4X3X5/16LLBB,14.4,4.18,4.0,,,
2L4X3X5/16X3/8LLBB,2L,2L4X3X5/16X3/8LLBB,2L4X3X5/16X3/8LLBB,14.4,4.18,4.0,,,
2L4X3X5/16X3/4LLBB,2L,2L4X3X5/16X3/4LLBB,2L4X3X5/16X3/4LLBB,14.4,4.18,4.0,,,
2L4X3X1/4LLBB,2L,2L4X3X1/4LLBB,2L4X3X1/4LLBB,11.6,3.38,4.0,,,
2L4X3X1/4X3/8LLBB,2L,2L4X3X1/4X3/8LLBB,2L4X3X1/4X3/8LLBB,11.6,3.38,4.0,,,
2L4X3X1/4X3/4LLBB,2L,2L4X3X1/4X3/4LLBB,2L4X3X1/4X3/4LLBB,11.6,3.38,4.0,,,
2L3-1/2X3X1/2LLBB,2L,2L3-1/2X3X1/2LLBB,2L3-1/2X3X1/2LLBB,20.4,6.04,3.5,,,
2L3-1/2X3X1/2X3/8LLBB,2L,2L3-1/2X3X1/2X3/8LLBB,2L3-1/2X3X1/2X3/8LLBB,20.4,6.04,3.5,,,
2L3-1/2X3X1/2X3/4LLBB,2L,2L3-1/2X3X1/2X3/4LLBB,2L3-1/2X3X1/2X3/4LLBB,20.4,6.04,3.5,,,
2L3-1/2X3X7/16LLBB,2L,2L3-1/2X3X7/16LLBB,2L3-1/2X3X7/16LLBB,18.2,5.34,3.5,,,
2L3-1/2X3X7/16X3/8LLBB,2L,2L3-1/2X3X7/16X3/8LLBB,2L3-1/2X3X7/16X3/8LLBB,18.2,5.34,3.5,,,
2L3-1/2X3X7/16X3/4LLBB,2L,2L3-1/2X3X7/16X3/4LLBB,2L3-1/2X3X7/16X3/4LLBB,18.2,5.34,3.5,,,
2L3-1/2X3X3/8LLBB,2L,2L3-1/2X3X3/8LLBB,2L3-1/2X3X3/8LLBB,15.8,4.64,3.5,,,
2L3-1/2X3X3/8X3/8LLBB,2L,2L3-1/2X3X3/8X3/8LLBB,2L3-1/2X3X3/8X3/8LLBB,15.8,4.64,3.5,,,
2L3-1/2X3X3/8X3/4LLBB,2L,2L3-1/2X3X3/8X3/4LLBB,2L3-1/2X3X3/8X3/4LLBB,15.8,4.64,3.5,,,
2L3-1/2X3X5/16LLBB,2L,2L3-1/2X3X5/16LLBB,2L3-1/2X3X5/16LLBB,13.2,3.9,3.5,,,
2L3-1/2X3X5/16X3/8LLBB,2L,2L3-1/2X3X5/16X3/8LLBB,2L3-1/2X3X5/16X3/8LLBB,13.2,3.9,3.5,,,
2L3-1/2X3X5/16X3/4LLBB,2L,2L3-1/2X3X5/16X3/4LLBB,2L3-1/2X3X5/16X3/4LLBB,13.2,3.9,3.5,,,
2L3-1/2X3X1/4LLBB,2L,2L3-1/2X3X1/4LLBB,2L3-1/2X3X1/4LLBB,10.8,3.16,3.5,,,
2L3-1/2X3X1/4X3/8LLBB,2L,2L3-1/2X3X1/4X3/8LLBB,2L3-1/2X3X1/4X3/8LLBB,10.8,3.16,3.5,,,
2L3-1/2X3X1/4X3/4LLBB,2L,2L3-1/2X3X1/4X3/4LLBB,2L3-1/2X3X1/4X3/4LLBB,10.8,3.16,3.5,,,
2L3-1/2X2-1/2X1/2LLBB,2L,2L3-1/2X2-1/2X1/2LLBB,2L3-1/2X2-1/2X1/2LLBB,18.8,5.54,3.5,,,
2L3-1/2X2-1/2X1/2X3/8LLBB,2L,2L3-1/2X2-1/2X1/2X3/8LLBB,2L3-1/2X2-1/2X1/2X3/8LLBB,18.8,5.54,3.5,,,
2L3-1/2X2-1/2X1/2X3/4LLBB,2L,2L3-1/2X2-1/2X1/2X3/4LLBB,2L3-1/2X2-1/2X1/2X3/4LLBB,18.8,5.54,3.5,,,
2L3-1/2X2-1/2X3/8LLBB,2L,2L3-1/2X2-1/2X3/8LLBB,2L3-1/2X2-1/2X3/8LLBB,14.4,4.24,3.5,,,
2L3-1/2X2-1/2X3/8X3/8LLBB,2L,2L3-1/2X2-1/2X3/8X3/8LLBB,2L3-1/2X2-1/2X3/8X3/8LLBB,14.4,4.24,3.5,,,
2L3-1/2X2-1/2X3/8X3/4LLBB,2L,2L3-1/2X2-1/2X3/8X3/4LLBB,2L3-1/2X2-1/2X3/8X3/4LLBB,14.4,4.24,3.5,,,
2L3-1/2X2-1/2X5/16LLBB,2L,2L3-1/2X2-1/2X5/16LLBB,2L3-1/2X2-1/2X5/16LLBB,12.2,3.58,3.5,,,
2L3-1/2X2-1/2X5/16X3/8LLBB,2L,2L3-1/2X2-1/2X5/16X3/8LLBB,2L3-1/2X2-1/2X5/16X3/8LLBB,12.2,3.58,3.5,,,
2L3-1/2X2-1/2X5/16X3/4LLBB,2L,2L3-1/2X2-1/2X5/16X3/4LLBB,2L3-1/2X2-1/2X5/16X3/4LLBB,12.2,3.58,3.5,,,
2L3-1/2X2-1/2X1/4LLBB,2L,2L3-1/2X2-1/2X1/4LLBB,2L3-1/2X2-1/2X1/4LLBB,9.8,2.9,3.5,,,
2L3-1/2X2-1/2X1/4X3/8LLBB,2L,2L3-1/2X2-1/2X1/4X3/8LLBB,2L3-1/2X2-1/2X1/4X3/8LLBB,9.8,2.9,3.5,,,
2L3-1/2X2-1/2X1/4X3/4LLBB,2L,2L3-1/2X2-1/2X1/4X3/4LLBB,2L3-1/2X2-1/2X1/4X3/4LLBB,9.8,2.9,3.5,,,
2L3X2-1/2X1/2LLBB,2L,2L3X2-1/2X1/2LLBB,2L3X2-1/2X1/2LLBB,17.0,5.0,3.0,,,
2L3X2-1/2X1/2X3/8LLBB,2L,2L3X2-1/2X1/2X3/8LLBB,2L3X2-1/2X1/2X3/8LLBB,17.0,5.0,3.0,,,
2L3X2-1/2X1/2X3/4LLBB,2L,2L3X2-1/2X1/2X3/4LLBB,2L3X2-1/2X1/2X3/4LLBB,17.0,5.0,3.0,,,
2L3X2-1/2X7/16LLBB,2L,2L3X2-1/2X7/16LLBB,2L3X2-1/2X7/16LLBB,15.2,4.44,3.0,,,
2L3X2-1/2X7/16X3/8LLBB,2L,2L3X2-1/2X7/16X3/8LLBB,2L3X2-1/2X7/16X3/8LLBB,15.2,4.44,3.0,,,
2L3X2-1/2X7/16X3/4LLBB,2L,2L3X2-1/2X7/16X3/4LLBB,2L3X2-1/2X7/16X3/4LLBB,15.2,4.44,3.0,,,
2L3X2-1/2X3/8LLBB,2L,2L3X2-1/2X3/8LLBB,2L3X2-1/2X3/8LLBB,13.2,3.86,3.0,,,
2L3X2-1/2X3/8X3/8LLBB,2L,2L3X2-1/2X3/8X3/8LLBB,2L3X2-1/2X3/8X3/8LLBB,13.2,3.86,3.0,,,
2L3X2-1/2X3/8X3/4LLBB,2L,2L3X2-1/2X3/8X3/4LLBB,2L3X2-1/2X3/8X3/4LLBB,13.2,3.86,3.0,,,
2L3X2-1/2X5/16LLBB,2L,2L3X2-1/2X5/16LLBB,2L3X2-1/2X5/16LLBB,11.2,3.26,3.0,,,
2L3X2-1/2X5/16X3/8LLBB,2L,2L3X2-1/2X5/16X3/8LLBB,2L3X2-1/2X5/16X3/8LLBB,11.2,3.26,3.0,,,
2L3X2-1/2X5/16X3/4LLBB,2L,2L3X2-1/2X5/16X3/4LLBB,2L3X2-1/2X5/16X3/4LLBB,11.2,3.26,3.0,,,
2L3X2-1/2X1/4LLBB,2L,2L3X2-1/2X1/4LLBB,2L3X2-1/2X1/4LLBB,9.0,2.64,3.0,,,
2L3X2-1/2X1/4X3/8LLBB,2L,2L3X2-1/2X1/4X3/8LLBB,2L3X2-1/2X1/4X3/8LLBB,9.0,2.64,3.0,,,
2L3X2-1/2X1/4X3/4LLBB,2L,2L3X2-1/2X1/4X3/4LLBB,2L3X2-1/2X1/4X3/4LLBB,9.0,2.64,3.0,,,
2L3X2-1/2X3/16LLBB,2L,2L3X2-1/2X3/16LLBB,2L3X2-1/2X3/16LLBB,6.78,2.0,3.0,,,
2L3X2-1/2X3/16X3/8LLBB,2L,2L3X2-1/2X3/16X3/8LLBB,2L3X2-1/2X3/16X3/8LLBB,6.78,2.0,3.0,,,
2L3X2-1/2X3/16X3/4LLBB,2L,2L3X2-1/2X3/16X3/4LLBB,2L3X2-1/2X3/16X3/4LLBB,6.78,2.0,3.0,,,
2L3X2X1/2LLBB,2L,2L3X2X1/2LLBB,2L3X2X1/2LLBB,15.4,4.52,3.0,,,
2L3X2X1/2X3/8LLBB,2L,2L3X2X1/2X3/8LLBB,2L3X2X1/2X3/8LLBB,15.4,4.52,3.0,,,
2L3X2X1/2X3/4LLBB,2L,2L3X2X1/2X3/4LLBB,2L3X2X1/2X3/4LLBB,15.4,4.52,3.0,,,
2L3X2X3/8LLBB,2L,2L3X2X3/8LLBB,2L3X2X3/8LLBB,11.8,3.5,3.0,,,
2L3X2X3/8X3/8LLBB,2L,2L3X2X3/8X3/8LLBB,2L3X2X3/8X3/8LLBB,11.8,3.5,3.0,,,
2L3X2X3/8X3/4LLBB,2L,2L3X2X3/8X3/4LLBB,2L3X2X3/8X3/4LLBB,11.8,3.5,3.0,,,
2L3X2X5/16LLBB,2L,2L3X2X5/16LLBB,2L3X2X5/16LLBB,10.0,2.96,3.0,,,
2L3X2X5/16X3/8LLBB,2L,2L3X2X5/16X3/8LLBB,2L3X2X5/16X3/8LLBB,10.0,2.96,3.0,,,
2L3X2X5/16X3/4LLBB,2L,2L3X2X5/16X3/4LLBB,2L3X2X5/16X3/4LLBB,10.0,2.96,3.0,,,
2L3X2X1/4LLBB,2L,2L3X2X1/4LLBB,2L3X2X1/4LLBB,8.2,2.4,3.0,,,
2L3X2X1/4X3/8LLBB,2L,2L3X2X1/4X3/8LLBB,2L3X2X1/4X3/8LLBB,8.2,2.4,3.0,,,
2L3X2X1/4X3/4LLBB,2L,2L3X2X1/4X3/4LLBB,2L3X2X1/4X3/4LLBB,8.2,2.4,3.0,,,
2L3X2X3/16LLBB,2L,2L3X2X3/16LLBB,2L3X2X3/16LLBB,6.14,1.83,3.0,,,
2L3X2X3/16X3/8LLBB,2L,2L3X2X3/16X3/8LLBB,2L3X2X3/16X3/8LLBB,6.14,1.83,3.0,,,
2L3X2X3/16X3/4LLBB,2L,2L3X2X3/16X3/4LLBB,2L3X2X3/16X3/4LLBB,6.14,1.83,3.0,,,
2L2-1/2X2X3/8LLBB,2L,2L2-1/2X2X3/8LLBB,2L2-1/2X2X3/8LLBB,10.6,3.1,2.5,,,
2L2-1/2X2X3/8X3/8LLBB,2L,2L2-1/2X2X3/8X3/8LLBB,2L2-1/2X2X3/8X3/8LLBB,10.6,3.1,2.5,,,
2L2-1/2X2X3/8X3/4LLBB,2L,2L2-1/2X2X3/8X3/4LLBB,2L2-1/2X2X3/8X3/4LLBB,10.6,3.1,2.5,,,
2L2-1/2X2X5/16LLBB,2L,2L2-1/2X2X5/16LLBB,2L2-1/2X2X5/16LLBB,9.0,2.64,2.5,,,
2L2-1/2X2X5/16X3/8LLBB,2L,2L2-1/2X2X5/16X3/8LLBB,2L2-1/2X2X5/16X3/8LLBB,9.0,2.64,2.5,,,
2L2-1/2X2X5/16X3/4LLBB,2L,2L2-1/2X2X5/16X3/4LLBB,2L2-1/2X2X5/16X3/4LLBB,9.0,2.64,2.5,,,
2L2-1/2X2X1/4LLBB,2L,2L2-1/2X2X1/4LLBB,2L2-1/2X2X1/4LLBB,7.24,2.14,2.5,,,
2L2-1/2X2X1/4X3/8LLBB,2L,2L2-1/2X2X1/4X3/8LLBB,2L2-1/2X2X1/4X3/8LLBB,7.24,2.14,2.5,,,
2L2-1/2X2X1/4X3/4LLBB,2L,2L2-1/2X2X1/4X3/4LLBB,2L2-1/2X2X1/4X3/4LLBB,7.24,2.14,2.5,,,
2L2-1/2X2X3/16LLBB,2L,2L2-1/2X2X3/16LLBB,2L2-1/2X2X3/16LLBB,5.5,1.64,2.5,,,
2L2-1/2X2X3/16X3/8LLBB,2L,2L2-1/2X2X3/16X3/8LLBB,2L2-1/2X2X3/16X3/8LLBB,5.5,1.64,2.5,,,
2L2-1/2X2X3/16X3/4LLBB,2L,2L2-1/2X2X3/16X3/4LLBB,2L2-1/2X2X3/16X3/4LLBB,5.5,1.64,2.5,,,
2L2-1/2X1-1/2X1/4LLBB,2L,2L2-1/2X1-1/2X1/4LLBB,2L2-1/2X1-1/2X1/4LLBB,6.38,1.89,2.5,,,
2L2-1/2X1-1/2X1/4X3/8LLBB,2L,2L2-1/2X1-1/2X1/4X3/8LLBB,2L2-1/2X1-1/2X1/4X3/8LLBB,6.38,1.89,2.5,,,
2L2-1/2X1-1/2X1/4X3/4LLBB,2L,2L2-1/2X1-1/2X1/4X3/4LLBB,2L2-1/2X1-1/2X1/4X3/4LLBB,6.38,1.89,2.5,,,
2L2-1/2X1-1/2X3/16LLBB,2L,2L2-1/2X1-1/2X3/16LLBB,2L2-1/2X1-1/2X3/16LLBB,4.88,1.45,2.5,,,
2L2-1/2X1-1/2X3/16X3/8LLBB,2L,2L2-1/2X1-1/2X3/16X3/8LLBB,2L2-1/2X1-1/2X3/16X3/8LLBB,4.88,1.45,2.5,,,
2L2-1/2X1-1/2X3/16X3/4LLBB,2L,2L2-1/2X1-1/2X3/16X3/4LLBB,2L2-1/2X1-1/2X3/16X3/4LLBB,4.88,1.45,2.5,,,
2L8X6X1SLBB,2L,2L8X6X1SLBB,2L8X6X1SLBB,88.4,26.2,6.0,,,
2L8X6X1X3/8SLBB,2L,2L8X6X1X3/8SLBB,2L8X6X1X3/8SLBB,88.4,26.2,6.0,,,
2L8X6X1X3/4SLBB,2L,2L8X6X1X3/4SLBB,2L8X6X1X3/4SLBB,88.4,26.2,6.0,,,
2L8X6X7/8SLBB,2L,2L8X6X7/8SLBB,2L8X6X7/8SLBB,78.2,23.0,6.0,,,
2L8X6X7/8X3/8SLBB,2L,2L8X6X7/8X3/8SLBB,2L8X6X7/8X3/8SLBB,78.2,23.0,6.0,,,
2L8X6X7/8X3/4SLBB,2L,2L8X6X7/8X3/4SLBB,2L8X6X7/8X3/4SLBB,78.2,23.0,6.0,,,
2L8X6X3/4SLBB,2L,2L8X6X3/4SLBB,2L8X6X3/4SLBB,67.6,20.0,6.0,,,
2L8X6X3/4X3/8SLBB,2L,2L8X6X3/4X3/8SLBB,2L8X6X3/4X3/8SLBB,67.6,20.0,6.0,,,
2L8X6X3/4X3/4SLBB,2L,2L8X6X3/4X3/4SLBB,2L8X6X3/4X3/4SLBB,67.6,20.0,6.0,,,
2L8X6X5/8SLBB,2L,2L8X6X5/8SLBB,2L8X6X5/8SLBB,57.0,16.8,6.0,,,
2L8X6X5/8X3/8SLBB,2L,2L8X6X5/8X3/8SLBB,2L8X6X5/8X3/8SLBB,57.0,16.8,6.0,,,
2L8X6X5/8X3/4SLBB,2L,2L8X6X5/8X3/4SLBB,2L8X6X5/8X3/4SLBB,57.0,16.8,6.0,,,
2L8X6X9/16SLBB,2L,2L8X6X9/16SLBB,2L8X6X9/16SLBB,51.4,15.2,6.0,,,
2L8X6X9/16X3/8SLBB,2L,2L8X6X9/16X3/8SLBB,2L8X6X9/16X3/8SLBB,51.4,15.2,6.0,,,
2L8X6X9/16X3/4SLBB,2L,2L8X6X9/16X3/4SLBB,2L8X6X9/16X3/4SLBB,51.4,15.2,6.0,,,
2L8X6X1/2SLBB,2L,2L8X6X1/2SLBB,2L8X6X1/2SLBB,46.0,13.6,6.0,,,
2L8X6X1/2X3/8SLBB,2L,2L8X6X1/2X3/8SLBB,2L8X6X1/2X3/8SLBB,46.0,13.6,6.0,,,
2L8X6X1/2X3/4SLBB,2L,2L8X6X1/2X3/4SLBB,2L8X6X1/2X3/4SLBB,46.0,13.6,6.0,,,
2L8X6X7/16SLBB,2L,2L8X6X7/16SLBB,2L8X6X7/16SLBB,40.4,12.0,6.0,,,
2L8X6X7/16X3/8SLBB,2L,2L8X6X7/16X3/8SLBB,2L8X6X7/16X3/8SLBB,40.4,12.0,6.0,,,
2L8X6X7/16X3/4SLBB,2L,2L8X6X7/16X3/4SLBB,2L8X6X7/16X3/4SLBB,40.4,12.0,6.0,,,
2L8X4X1SLBB,2L,2L8X4X1SLBB,2L8X4X1SLBB,74.8,22.2,4.0,,,
2L8X4X1X3/8SLBB,2L,2L8X4X1X3/8SLBB,2L8X4X1X3/8SLBB,74.8,22.2,4.0,,,
2L8X4X1X3/4SLBB,2L,2L8X4X1X3/4SLBB,2L8X4X1X3/4SLBB,74.8,22.2,4.0,,,
2L8X4X7/8SLBB,2L,2L8X4X7/8SLBB,2L8X4X7/8SLBB,66.2,19.6,4.0,,,
2L8X4X7/8X3/8SLBB,2L,2L8X4X7/8X3/8SLBB,2L8X4X7/8X3/8SLBB,66.2,19.6,4.0,,,
2L8X4X7/8X3/4SLBB,2L,2L8X4X7/8X3/4SLBB,2L8X4X7/8X3/4SLBB,66.2,19.6,4.0,,,
2L8X4X3/4SLBB,2L,2L8X4X3/4SLBB,2L8X4X3/4SLBB,57.4,17.0,4.0,,,
2L8X4X3/4X3/8SLBB,2L,2L8X4X3/4X3/8SLBB,2L8X4X3/4X3/8SLBB,57.4,17.0,4.0,,,
2L8X4X3/4X3/4SLBB,2L,2L8X4X3/4X3/4SLBB,2L8X4X3/4X3/4SLBB,57.4,17.0,4.0,,,
2L8X4X5/8SLBB,2L,2L8X4X5/8SLBB,2L8X4X5/8SLBB,48.4,14.3,4.0,,,
2L8X4X5/8X3/8SLBB,2L,2L8X4X5/8X3/8SLBB,2L8X4X5/8X3/8SLBB,48.4,14.3,4.0,,,
2L8X4X5/8X3/4SLBB,2L,2L8X4X5/8X3/4SLBB,2L8X4X5/8X3/4SLBB,48.4,14.3,4.0,,,
2L8X4X9/16SLBB,2L,2L8X4X9/16SLBB,2L8X4X9/16SLBB,43.8,13.0,4.0,,,
2L8X4X9/16X3/8SLBB,2L,2L8X4X9/16X3/8SLBB,2L8X4X9/16X3/8SLBB,43.8,13.0,4.0,,,
2L8X4X9/16X3/4SLBB,2L,2L8X4X9/16X3/4SLBB,2L8X4X9/16X3/4SLBB,43.8,13.0,4.0,,,
2L8X4X1/2SLBB,2L,2L8X4X1/2SLBB,2L8X4X1/2SLBB,39.2,11.6,4.0,,,
2L8X4X1/2X3/8SLBB,2L,2L8X4X1/2X3/8SLBB,2L8X4X1/2X3/8SLBB,39.2,11.6,4.0,,,
2L8X4X1/2X3/4SLBB,2L,2L8X4X1/2X3/4SLBB,2L8X4X1/2X3/4SLBB,39.2,11.6,4.0,,,
2L8X4X7/16SLBB,2L,2L8X4X7/16SLBB,2L8X4X7/16SLBB,34.4,10.2,4.0,,,
2L8X4X7/16X3/8SLBB,2L,2L8X4X7/16X3/8SLBB,2L8X4X7/16X3/8SLBB,34.4,10.2,4.0,,,
2L8X4X7/16X3/4SLBB,2L,2L8X4X7/16X3/4SLBB,2L8X4X7/16X3/4SLBB,34.4,10.2,4.0,,,
2L7X4X3/4SLBB,2L,2L7X4X3/4SLBB,2L7X4X3/4SLBB,52.4,15.5,4.0,,,
2L7X4X3/4X3/8SLBB,2L,2L7X4X3/4X3/8SLBB,2L7X4X3/4X3/8SLBB,52.4,15.5,4.0,,,
2L7X4X3/4X3/4SLBB,2L,2L7X4X3/4X3/4SLBB,2L7X4X3/4X3/4SLBB,52.4,15.5,4.0,,,
2L7X4X5/8SLBB,2L,2L7X4X5/8SLBB,2L7X4X5/8SLBB,44.2,13.0,4.0,,,
2L7X4X5/8X3/8SLBB,2L,2L7X4X5/8X3/8SLBB,2L7X4X5/8X3/8SLBB,44.2,13.0,4.0,,,
2L7X4X5/8X3/4SLBB,2L,2L7X4X5/8X3/4SLBB,2L7X4X5/8X3/4SLBB,44.2,13.0,4.0,,,
2L7X4X1/2SLBB,2L,2L7X4X1/2SLBB,2L7X4X1/2SLBB,35.8,10.5,4.0,,,
2L7X4X1/2X3/8SLBB,2L,2L7X4X1/2X3/8SLBB,2L7X4X1/2X3/8SLBB,35.8,10.5,4.0,,,
2L7X4X1/2X3/4SLBB,2L,2L7X4X1/2X3/4SLBB,2L7X4X1/2X3/4SLBB,35.8,10.5,4.0,,,
2L7X4X7/16SLBB,2L,2L7X4X7/16SLBB,2L7X4X7/16SLBB,31.4,9.26,4.0,,,
2L7X4X7/16X3/8SLBB,2L,2L7X4X7/16X3/8SLBB,2L7X4X7/16X3/8SLBB,31.4,9.26,4.0,,,
2L7X4X7/16X3/4SLBB,2L,2L7X4X7/16X3/4SLBB,2L7X4X7/16X3/4SLBB,31.4,9.26,4.0,,,
2L7X4X3/8SLBB,2L,2L7X4X3/8SLBB,2L7X4X3/8SLBB,27.2,8.0,4.0,,,
2L7X4X3/8X3/8SLBB,2L,2L7X4X3/8X3/8SLBB,2L7X4X3/8X3/8SLBB,27.2,8.0,4.0,,,
2L7X4X3/8X3/4SLBB,2L,2L7X4X3/8X3/4SLBB,2L7X4X3/8X3/4SLBB,27.2,8.0,4.0,,,
2L6X4X7/8SLBB,2L,2L6X4X7/8SLBB,2L6X4X7/8SLBB,54.4,16.0,4.0,,,
2L6X4X7/8X3/8SLBB,2L,2L6X4X7/8X3/8SLBB,2L6X4X7/8X3/8SLBB,54.4,16.0,4.0,,,
2L6X4X7/8X3/4SLBB,2L,2L6X4X7/8X3/4SLBB,2L6X4X7/8X3/4SLBB,54.4,16.0,4.0,,,
2L6X4X3/4SLBB,2L,2L6X4X3/4SLBB,2L6X4X3/4SLBB,47.2,13.9,4.0,,,
2L6X4X3/4X3/8SLBB,2L,2L6X4X3/4X3/8SLBB,2L6X4X3/4X3/8SLBB,47.2,13.9,4.0,,,
2L6X4X3/4X3/4SLBB,2L,2L6X4X3/4X3/4SLBB,2L6X4X3/4X3/4SLBB,47.2,13.9,4.0,,,
2L6X4X5/8SLBB,2L,2L6X4X5/8SLBB,2L6X4X5/8SLBB,40.0,11.7,4.0,,,
2L6X4X5/8X3/8SLBB,2L,2L6X4X5/8X3/8SLBB,2L6X4X5/8X3/8SLBB,40.0,11.7,4.0,,,
2L6X4X5/8X3/4SLBB,2L,2L6X4X5/8X3/4SLBB,2L6X4X5/8X3/4SLBB,40.0,11.7,4.0,,,
2L6X4X9/16SLBB,2L,2L6X4X9/16SLBB,2L6X4X9/16SLBB,36.2,10.6,4.0,,,
2L6X4X9/16X3/8SLBB,2L,2L6X4X9/16X3/8SLBB,2L6X4X9/16X3/8SLBB,36.2,10.6,4.0,,,
2L6X4X9/16X3/4SLBB,2L,2L6X4X9/16X3/4SLBB,2L6X4X9/16X3/4SLBB,36.2,10.6,4.0,,,
2L6X4X1/2SLBB,2L,2L6X4X1/2SLBB,2L6X4X1/2SLBB,32.4,9.5,4.0,,,
2L6X4X1/2X3/8SLBB,2L,2L6X4X1/2X3/8SLBB,2L6X4X1/2X3/8SLBB,32.4,9.5,4.0,,,
2L6X4X1/2X3/4SLBB,2L,2L6X4X1/2X3/4SLBB,2L6X4X1/2X3/4SLBB,32.4,9.5,4.0,,,
2L6X4X7/16SLBB,2L,2L6X4X7/16SLBB,2L6X4X7/16SLBB,28.6,8.36,4.0,,,
2L6X4X7/16X3/8SLBB,2L,2L6X4X7/16X3/8SLBB,2L6X4X7/16X3/8SLBB,28.6,8.36,4.0,,,
2L6X4X7/16X3/4SLBB,2L,2L6X4X7/16X3/4SLBB,2L6X4X7/16X3/4SLBB,28.6,8.36,4.0,,,
2L6X4X3/8SLBB,2L,2L6X4X3/8SLBB,2L6X4X3/8SLBB,24.6,7.22,4.0,,,
2L6X4X3/8X3/8SLBB,2L,2L6X4X3/8X3/8SLBB,2L6X4X3/8X3/8SLBB,24.6,7.22,4.0,,,
2L6X4X3/8X3/4SLBB,2L,2L6X4X3/8X3/4SLBB,2L6X4X3/8X3/4SLBB,24.6,7.22,4.0,,,
2L6X4X5/16SLBB,2L,2L6X4X5/16SLBB,2L6X4X5/16SLBB,20.6,6.06,4.0,,,
2L6X4X5/16X3/8SLBB,2L,2L6X4X5/16X3/8SLBB,2L6X4X5/16X3/8SLBB,20.6,6.06,4.0,,,
2L6X4X5/16X3/4SLBB,2L,2L6X4X5/16X3/4SLBB,2L6X4X5/16X3/4SLBB,20.6,6.06,4.0,,,
2L6X3-1/2X1/2SLBB,2L,2L6X3-1/2X1/2SLBB,2L6X3-1/2X1/2SLBB,30.6,9.0,3.5,,,
2L6X3-1/2X1/2X3/8SLBB,2L,2L6X3-1/2X1/2X3/8SLBB,2L6X3-1/2X1/2X3/8SLBB,30.6,9.0,3.5,,,
2L6X3-1/2X1/2X3/4SLBB,2L,2L6X3-1/2X1/2X3/4SLBB,2L6X3-1/2X1/2X3/4SLBB,30.6,9.0,3.5,,,
2L6X3-1/2X3/8SLBB,2L,2L6X3-1/2X3/8SLBB,2L6X3-1/2X3/8SLBB,23.4,6.88,3.5,,,
2L6X3-1/2X3/8X3/8SLBB,2L,2L6X3-1/2X3/8X3/8SLBB,2L6X3-1/2X3/8X3/8SLBB,23.4,6.88,3.5,,,
2L6X3-1/2X3/8X3/4SLBB,2L,2L6X3-1/2X3/8X3/4SLBB,2L6X3-1/2X3/8X3/4SLBB,23.4,6.88,3.5,,,
2L6X3-1/2X5/16SLBB,2L,2L6X3-1/2X5/16SLBB,2L6X3-1/2X5/16SLBB,19.6,5.78,3.5,,,
2L6X3-1/2X5/16X3/8SLBB,2L,2L6X3-1/2X5/16X3/8SLBB,2L6X3-1/2X5/16X3/8SLBB,19.6,5.78,3.5,,,
2L6X3-1/2X5/16X3/4SLBB,2L,2L6X3-1/2X5/16X3/4SLBB,2L6X3-1/2X5/16X3/4SLBB,19.6,5.78,3.5,,,
2L5X3-1/2X3/4SLBB,2L,2L5X3-1/2X3/4SLBB,2L5X3-1/2X3/4SLBB,39.6,11.7,3.5,,,
2L5X3-1/2X3/4X3/8SLBB,2L,2L5X3-1/2X3/4X3/8SLBB,2L5X3-1/2X3/4X3/8SLBB,39.6,11.7,3.5,,,
2L5X3-1/2X3/4X3/4SLBB,2L,2L5X3-1/2X3/4X3/4SLBB,2L5X3-1/2X3/4X3/4SLBB,39.6,11.7,3.5,,,
2L5X3-1/2X5/8SLBB,2L,2L5X3-1/2X5/8SLBB,2L5X3-1/2X5/8SLBB,33.6,9.86,3.5,,,
2L5X3-1/2X5/8X3/8SLBB,2L,2L5X3-1/2X5/8X3/8SLBB,2L5X3-1/2X5/8X3/8SLBB,33.6,9.86,3.5,,,
2L5X3-1/2X5/8X3/4SLBB,2L,2L5X3-1/2X5/8X3/4SLBB,2L5X3-1/2X5/8X3/4SLBB,33.6,9.86,3.5,,,
2L5X3-1/2X1/2SLBB,2L,2L5X3-1/2X1/2SLBB,2L5X3-1/2X1/2SLBB,27.2,8.0,3.5,,,
2L5X3-1/2X1/2X3/8SLBB,2L,2L5X3-1/2X1/2X3/8SLBB,2L5X3-1/2X1/2X3/8SLBB,27.2,8.0,3.5,,,
2L5X3-1/2X1/2X3/4SLBB,2L,2L5X3-1/2X1/2X3/4SLBB,2L5X3-1/2X1/2X3/4SLBB,27.2,8.0,3.5,,,
2L5X3-1/2X3/8SLBB,2L,2L5X3-1/2X3/8SLBB,2L5X3-1/2X3/8SLBB,20.8,6.1,3.5,,,
2L5X3-1/2X3/8X3/8SLBB,2L,2L5X3-1/2X3/8X3/8SLBB,2L5X3-1/2X3/8X3/8SLBB,20.8,6.1,3.5,,,
2L5X3-1/2X3/8X3/4SLBB,2L,2L5X3-1/2X3/8X3/4SLBB,2L5X3-1/2X3/8X3/4SLBB,20.8,6.1,3.5,,,
2L5X3-1/2X5/16SLBB,2L,2L5X3-1/2X5/16SLBB,2L5X3-1/2X5/16SLBB,17.4,5.12,3.5,,,
2L5X3-1/2X5/16X3/8SLBB,2L,2L5X3-1/2X5/16X3/8SLBB,2L5X3-1/2X5/16X3/8SLBB,17.4,5.12,3.5,,,
2L5X3-1/2X5/16X3/4SLBB,2L,2L5X3-1/2X5/16X3/4SLBB,2L5X3-1/2X5/16X3/4SLBB,17.4,5.12,3.5,,,
2L5X3-1/2X1/4SLBB,2L,2L5X3-1/2X1/4SLBB,2L5X3-1/2X1/4SLBB,14.0,4.14,3.5,,,
2L5X3-1/2X1/4X3/8SLBB,2L,2L5X3-1/2X1/4X3/8SLBB,2L5X3-1/2X1/4X3/8SLBB,14.0,4.14,3.5,,,
2L5X3-1/2X1/4X3/4SLBB,2L,2L5X3-1/2X1/4X3/4SLBB,2L5X3-1/2X1/4X3/4SLBB,14.0,4.14,3.5,,,
2L5X3X1/2SLBB,2L,2L5X3X1/2SLBB,2L5X3X1/2SLBB,25.6,7.5,3.0,,,
2L5X3X1/2X3/8SLBB,2L,2L5X3X1/2X3/8SLBB,2L5X3X1/2X3/8SLBB,25.6,7.5,3.0,,,
2L5X3X1/2X3/4SLBB,2L,2L5X3X1/2X3/4SLBB,2L5X3X1/2X3/4SLBB,25.6,7.5,3.0,,,
2L5X3X7/16SLBB,2L,2L5X3X7/16SLBB,2L5X3X7/16SLBB,22.6,6.62,3.0,,,
2L5X3X7/16X3/8SLBB,2L,2L5X3X7/16X3/8SLBB,2L5X3X7/16X3/8SLBB,22.6,6.62,3.0,,,
2L5X3X7/16X3/4SLBB,2L,2L5X3X7/16X3/4SLBB,2L5X3X7/16X3/4SLBB,22.6,6.62,3.0,,,
2L5X3X3/8SLBB,2L,2L5X3X3/8SLBB,2L5X3X3/8SLBB,19.6,5.72,3.0,,,
2L5X3X3/8X3/8SLBB,2L,2L5X3X3/8X3/8SLBB,2L5X3X3/8X3/8SLBB,19.6,5.72,3.0,,,
2L5X3X3/8X3/4SLBB,2L,2L5X3X3/8X3/4SLBB,2L5X3X3/8X3/4SLBB,19.6,5.72,3.0,,,
2L5X3X5/16SLBB,2L,2L5X3X5/16SLBB,2L5X3X5/16SLBB,16.4,4.82,3.0,,,
2L5X3X5/16X3/8SLBB,2L,2L5X3X5/16X3/8SLBB,2L5X3X5/16X3/8SLBB,16.4,4.82,3.0,,,
2L5X3X5/16X3/4SLBB,2L,2L5X3X5/16X3/4SLBB,2L5X3X5/16X3/4SLBB,16.4,4.82,3.0,,,
2L5X3X1/4SLBB,2L,2L5X3X1/4SLBB,2L5X3X1/4SLBB,13.2,3.88,3.0,,,
2L5X3X1/4X3/8SLBB,2L,2L5X3X1/4X3/8SLBB,2L5X3X1/4X3/8SLBB,13.2,3.88,3.0,,,
2L5X3X1/4X3/4SLBB,2L,2L5X3X1/4X3/4SLBB,2L5X3X1/4X3/4SLBB,13.2,3.88,3.0,,,
2L4X3-1/2X1/2SLBB,2L,2L4X3-1/2X1/2SLBB,2L4X3-1/2X1/2SLBB,23.8,7.0,3.5,,,
2L4X3-1/2X1/2X3/8SLBB,2L,2L4X3-1/2X1/2X3/8SLBB,2L4X3-1/2X1/2X3/8SLBB,23.8,7.0,3.5,,,
2L4X3-1/2X1/2X3/4SLBB,2L,2L4X3-1/2X1/2X3/4SLBB,2L4X3-1/2X1/2X3/4SLBB,23.8,7.0,3.5,,,
2L4X3-1/2X3/8SLBB,2L,2L4X3-1/2X3/8SLBB,2L4X3-1/2X3/8SLBB,18.2,5.36,3.5,,,
2L4X3-1/2X3/8X3/8SLBB,2L,2L4X3-1/2X3/8X3/8SLBB,2L4X3-1/2X3/8X3/8SLBB,18.2,5.36,3.5,,,
2L4X3-1/2X3/8X3/4SLBB,2L,2L4X3-1/2X3/8X3/4SLBB,2L4X3-1/2X3/8X3/4SLBB,18.2,5.36,3.5,,,
2L4X3-1/2X5/16SLBB,2L,2L4X3-1/2X5/16SLBB,2L4X3-1/2X5/16SLBB,15.4,4.5,3.5,,,
2L4X3-1/2X5/16X3/8SLBB,2L,2L4X3-1/2X5/16X3/8SLBB,2L4X3-1/2X5/16X3/8SLBB,15.4,4.5,3.5,,,
2L4X3-1/2X5/16X3/4SLBB,2L,2L4X3-1/2X5/16X3/4SLBB,2L4X3-1/2X5/16X3/4SLBB,15.4,4.5,3.5,,,
2L4X3-1/2X1/4SLBB,2L,2L4X3-1/2X1/4SLBB,2L4X3-1/2X1/4SLBB,12.4,3.64,3.5,,,
2L4X3-1/2X1/4X3/8SLBB,2L,2L4X3-1/2X1/4X3/8SLBB,2L4X3-1/2X1/4X3/8SLBB,12.4,3.64,3.5,,,
2L4X3-1/2X1/4X3/4SLBB,2L,2L4X3-1/2X1/4X3/4SLBB,2L4X3-1/2X1/4X3/4SLBB,12.4,3.64,3.5,,,
2L4X3X5/8SLBB,2L,2L4X3X5/8SLBB,2L4X3X5/8SLBB,27.2,7.98,3.0,,,
2L4X3X5/8X3/8SLBB,2L,2L4X3X5/8X3/8SLBB,2L4X3X5/8X3/8SLBB,27.2,7.98,3.0,,,
2L4X3X5/8X3/4SLBB,2L,2L4X3X5/8X3/4SLBB,2L4X3X5/8X3/4SLBB,27.2,7.98,3.0,,,
2L4X3X1/2SLBB,2L,2L4X3X1/2SLBB,2L4X3X1/2SLBB,22.2,6.5,3.0,,,
2L4X3X1/2X3/8SLBB,2L,2L4X3X1/2X3/8SLBB,2L4X3X1/2X3/8SLBB,22.2,6.5,3.0,,,
2L4X3X1/2X3/4SLBB,2L,2L4X3X1/2X3/4SLBB,2L4X3X1/2X3/4SLBB,22.2,6.5,3.0,,,
2L4X3X3/8SLBB,2L,2L4X3X3/8SLBB,2L4X3X3/8SLBB,17.0,4.98,3.0,,,
2L4X3X3/8X3/8SLBB,2L,2L4X3X3/8X3/8SLBB,2L4X3X3/8X3/8SLBB,17.0,4.98,3.0,,,
2L4X3X3/8X3/4SLBB,2L,2L4X3X3/8X3/4SLBB,2L4X3X3/8X3/4SLBB,17.0,4.98,3.0,,,
2L4X3X5/16SLBB,2L,2L4X3X5/16SLBB,2L4X3X5/16SLBB,14.4,4.18,3.0,,,
2L4X3X5/16X3/8SLBB,2L,2L4X3X5/16X3/8SLBB,2L4X3X5/16X3/8SLBB,14.4,4.18,3.0,,,
2L4X3X5/16X3/4SLBB,2L,2L4X3X5/16X3/4SLBB,2L4X3X5/16X3/4SLBB,14.4,4.18,3.0,,,
2L4X3X1/4SLBB,2L,2L4X3X1/4SLBB,2L4X3X1/4SLBB,11.6,3.38,3.0,,,
2L4X3X1/4X3/8SLBB,2L,2L4X3X1/4X3/8SLBB,2L4X3X1/4X3/8SLBB,11.6,3.38,3.0,,,
2L4X3X1/4X3/4SLBB,2L,2L4X3X1/4X3/4SLBB,2L4X3X1/4X3/4SLBB,11.6,3.38,3.0,,,
2L3-1/2X3X1/2SLBB,2L,2L3-1/2X3X1/2SLBB,2L3-1/2X3X1/2SLBB,20.4,6.04,3.0,,,
2L3-1/2X3X1/2X3/8SLBB,2L,2L3-1/2X3X1/2X3/8SLBB,2L3-1/2X3X1/2X3/8SLBB,20.4,6.04,3.0,,,
2L3-1/2X3X1/2X3/4SLBB,2L,2L3-1/2X3X1/2X3/4SLBB,2L3-1/2X3X1/2X3/4SLBB,20.4,6.04,3.0,,,
2L3-1/2X3X7/16SLBB,2L,2L3-1/2X3X7/16SLBB,2L3-1/2X3X7/16SLBB,18.2,5.34,3.0,,,
2L3-1/2X3X7/16X3/8SLBB,2L,2L3-1/2X3X7/16X3/8SLBB,2L3-1/2X3X7/16X3/8SLBB,18.2,5.34,3.0,,,
2L3-1/2X3X7/16X3/4SLBB,2L,2L3-1/2X3X7/16X3/4SLBB,2L3-1/2X3X7/16X3/4SLBB,18.2,5.34,3.0,,,
2L3-1/2X3X3/8SLBB,2L,2L3-1/2X3X3/8SLBB,2L3-1/2X3X3/8SLBB,15.8,4.64,3.0,,,
2L3-1/2X3X3/8X3/8SLBB,2L,2L3-1/2X3X3/8X3/8SLBB,2L3-1/2X3X3/8X3/8SLBB,15.8,4.64,3.0,,,
2L3-1/2X3X3/8X3/4SLBB,2L,2L3-1/2X3X3/8X3/4SLBB,2L3-1/2X3X3/8X3/4SLBB,15.8,4.64,3.0,,,
2L3-1/2X3X5/16SLBB,2L,2L3-1/2X3X5/16SLBB,2L3-1/2X3X5/16SLBB,13.2,3.9,3.0,,,
2L3-1/2X3X5/16X3/8SLBB,2L,2L3-1/2X3X5/16X3/8SLBB,2L3-1/2X3X5/16X3/8SLBB,13.2,3.9,3.0,,,
2L3-1/2X3X5/16X3/4SLBB,2L,2L3-1/2X3X5/16X3/4SLBB,2L3-1/2X3X5/16X3/4SLBB,13.2,3.9,3.0,,,
2L3-1/2X3X1/4SLBB,2L,2L3-1/2X3X1/4SLBB,2L3-1/2X3X1/4SLBB,10.8,3.16,3.0,,,
2L3-1/2X3X1/4X3/8SLBB,2L,2L3-1/2X3X1/4X3/8SLBB,2L3-1/2X3X1/4X3/8SLBB,10.8,3.16,3.0,,,
2L3-1/2X3X1/4X3/4SLBB,2L,2L3-1/2X3X1/4X3/4SLBB,2L3-1/2X3X1/4X3/4SLBB,10.8,3.16,3.0,,,
2L3-1/2X2-1/2X1/2SLBB,2L,2L3-1/2X2-1/2X1/2SLBB,2L3-1/2X2-1/2X1/2SLBB,18.8,5.54,2.5,,,
2L3-1/2X2-1/2X1/2X3/8SLBB,2L,2L3-1/2X2-1/2X1/2X3/8SLBB,2L3-1/2X2-1/2X1/2X3/8SLBB,18.8,5.54,2.5,,,
2L3-1/2X2-1/2X1/2X3/4SLBB,2L,2L3-1/2X2-1/2X1/2X3/4SLBB,2L3-1/2X2-1/2X1/2X3/4SLBB,18.8,5.54,2.5,,,
2L3-1/2X2-1/2X3/8SLBB,2L,2L3-1/2X2-1/2X3/8SLBB,2L3-1/2X2-1/2X3/8SLBB,14.4,4.24,2.5,,,
2L3-1/2X2-1/2X3/8X3/8SLBB,2L,2L3-1/2X2-1/2X3/8X3/8SLBB,2L3-1/2X2-1/2X3/8X3/8SLBB,14.4,4.24,2.5,,,
2L3-1/2X2-1/2X3/8X3/4SLBB,2L,2L3-1/2X2-1/2X3/8X3/4SLBB,2L3-1/2X2-1/2X3/8X3/4SLBB,14.4,4.24,2.5,,,
2L3-1/2X2-1/2X5/16SLBB,2L,2L3-1/2X2-1/2X5/16SLBB,2L3-1/2X2-1/2X5/16SLBB,12.2,3.58,2.5,,,
2L3-1/2X2-1/2X5/16X3/8SLBB,2L,2L3-1/2X2-1/2X5/16X3/8SLBB,2L3-1/2X2-1/2X5/16X3/8SLBB,12.2,3.58,2.5,,,
2L3-1/2X2-1/2X5/16X3/4SLBB,2L,2L3-1/2X2-1/2X5/16X3/4SLBB,2L3-1/2X2-1/2X5/16X3/4SLBB,12.2,3.58,2.5,,,
2L3-1/2X2-1/2X1/4SLBB,2L,2L3-1/2X2-1/2X1/4SLBB,2L3-1/2X2-1/2X1/4SLBB,9.8,2.9,2.5,,,
2L3-1/2X2-1/2X1/4X3/8SLBB,2L,2L3-1/2X2-1/2X1/4X3/8SLBB,2L3-1/2X2-1/2X1/4X3/8SLBB,9.8,2.9,2.5,,,
2L3-1/2X2-1/2X1/4X3/4SLBB,2L,2L3-1/2X2-1/2X1/4X3/4SLBB,2L3-1/2X2-1/2X1/4X3/4SLBB,9.8,2.9,2.5,,,
2L3X2-1/2X1/2SLBB,2L,2L3X2-1/2X1/2SLBB,2L3X2-1/2X1/2SLBB,17.0,5.0,2.5,,,
2L3X2-1/2X1/2X3/8SLBB,2L,2L3X2-1/2X1/2X3/8SLBB,2L3X2-1/2X1/2X3/8SLBB,17.0,5.0,2.5,,,
2L3X2-1/2X1/2X3/4SLBB,2L,2L3X2-1/2X1/2X3/4SLBB,2L3X2-1/2X1/2X3/4SLBB,17.0,5.0,2.5,,,
2L3X2-1/2X7/16SLBB,2L,2L3X2-1/2X7/16SLBB,2L3X2-1/2X7/16SLBB,15.2,4.44,2.5,,,
2L3X2-1/2X7/16X3/8SLBB,2L,2L3X2-1/2X7/16X3/8SLBB,2L3X2-1/2X7/16X3/8SLBB,15.2,4.44,2.5,,,
2L3X2-1/2X7/16X3/4SLBB,2L,2L3X2-1/2X7/16X3/4SLBB,2L3X2-1/2X7/16X3/4SLBB,15.2,4.44,2.5,,,
2L3X2-1/2X3/8SLBB,2L,2L3X2-1/2X3/8SLBB,2L3X2-1/2X3/8SLBB,13.2,3.86,2.5,,,
2L3X2-1/2X3/8X3/8SLBB,2L,2L3X2-1/2X3/8X3/8SLBB,2L3X2-1/2X3/8X3/8SLBB,13.2,3.86,2.5,,,
2L3X2-1/2X3/8X3/4SLBB,2L,2L3X2-1/2X3/8X3/4SLBB,2L3X2-1/2X3/8X3/4SLBB,13.2,3.86,2.5,,,
2L3X2-1/2X5/16SLBB,2L,2L3X2-1/2X5/16SLBB,2L3X2-1/2X5/16SLBB,11.2,3.26,2.5,,,
2L3X2-1/2X5/16X3/8SLBB,2L,2L3X2-1/2X5/16X3/8SLBB,2L3X2-1/2X5/16X3/8SLBB,11.2,3.26,2.5,,,
2L3X2-1/2X5/16X3/4SLBB,2L,2L3X2-1/2X5/16X3/4SLBB,2L3X2-1/2X5/16X3/4SLBB,11.2,3.26,2.5,,,
2L3X2-1/2X1/4SLBB,2L,2L3X2-1/2X1/4SLBB,2L3X2-1/2X1/4SLBB,9.0,2.64,2.5,,,
2L3X2-1/2X1/4X3/8SLBB,2L,2L3X2-1/2X1/4X3/8SLBB,2L3X2-1/2X1/4X3/8SLBB,9.0,2.64,2.5,,,
2L3X2-1/2X1/4X3/4SLBB,2L,2L3X2-1/2X1/4X3/4SLBB,2L3X2-1/2X1/4X3/4SLBB,9.0,2.64,2.5,,,
2L3X2-1/2X3/16SLBB,2L,2L3X2-1/2X3/16SLBB,2L3X2-1/2X3/16SLBB,6.78,2.0,2.5,,,
2L3X2-1/2X3/16X3/8SLBB,2L,2L3X2-1/2X3/16X3/8SLBB,2L3X2-1/2X3/16X3/8SLBB,6.78,2.0,2.5,,,
2L3X2-1/2X3/16X3/4SLBB,2L,2L3X2-1/2X3/16X3/4SLBB,2L3X2-1/2X3/16X3/4SLBB,6.78,2.0,2.5,,,
2L3X2X1/2SLBB,2L,2L3X2X1/2SLBB,2L3X2X1/2SLBB,15.4,4.52,2.0,,,
2L3X2X1/2X3/8SLBB,2L,2L3X2X1/2X3/8SLBB,2L3X2X1/2X3/8SLBB,15.4,4.52,2.0,,,
2L3X2X1/2X3/4SLBB,2L,2L3X2X1/2X3/4SLBB,2L3X2X1/2X3/4SLBB,15.4,4.52,2.0,,,
2L3X2X3/8SLBB,2L,2L3X2X3/8SLBB,2L3X2X3/8SLBB,11.8,3.5,2.0,,,
2L3X2X3/8X3/8SLBB,2L,2L3X2X3/8X3/8SLBB,2L3X2X3/8X3/8SLBB,11.8,3.5,2.0,,,
2L3X2X3/8X3/4SLBB,2L,2L3X2X3/8X3/4SLBB,2L3X2X3/8X3/4SLBB,11.8,3.5,2.0,,,
2L3X2X5/16SLBB,2L,2L3X2X5/16SLBB,2L3X2X5/16SLBB,10.0,2.96,2.0,,,
2L3X2X5/16X3/8SLBB,2L,2L3X2X5/16X3/8SLBB,2L3X2X5/16X3/8SLBB,10.0,2.96,2.0,,,
2L3X2X5/16X3/4SLBB,2L,2L3X2X5/16X3/4SLBB,2L3X2X5/16X3/4SLBB,10.0,2.96,2.0,,,
2L3X2X1/4SLBB,2L,2L3X2X1/4SLBB,2L3X2X1/4SLBB,8.2,2.4,2.0,,,
2L3X2X1/4X3/8SLBB,2L,2L3X2X1/4X3/8SLBB,2L3X2X1/4X3/8SLBB,8.2,2.4,2.0,,,
2L3X2X1/4X3/4SLBB,2L,2L3X2X1/4X3/4SLBB,2L3X2X1/4X3/4SLBB,8.2,2.4,2.0,,,
2L3X2X3/16SLBB,2L,2L3X2X3/16SLBB,2L3X2X3/16SLBB,6.14,1.83,2.0,,,
2L3X2X3/16X3/8SLBB,2L,2L3X2X3/16X3/8SLBB,2L3X2X3/16X3/8SLBB,6.14,1.83,2.0,,,
2L3X2X3/16X3/4SLBB,2L,2L3X2X3/16X3/4SLBB,2L3X2X3/16X3/4SLBB,6.14,1.83,2.0,,,
2L2-1/2X2X3/8SLBB,2L,2L2-1/2X2X3/8SLBB,2L2-1/2X2X3/8SLBB,10.6,3.1,2.0,,,
2L2-1/2X2X3/8X3/8SLBB,2L,2L2-1/2X2X3/8X3/8SLBB,2L2-1/2X2X3/8X3/8SLBB,10.6,3.1,2.0,,,
2L2-1/2X2X3/8X3/4SLBB,2L,2L2-1/2X2X3/8X3/4SLBB,2L2-1/2X2X3/8X3/4SLBB,10.6,3.1,2.0,,,
2L2-1/2X2X5/16SLBB,2L,2L2-1/2X2X5/16SLBB,2L2-1/2X2X5/16SLBB,9.0,2.64,2.0,,,
2L2-1/2X2X5/16X3/8SLBB,2L,2L2-1/2X2X5/16X3/8SLBB,2L2-1/2X2X5/16X3/8SLBB,9.0,2.64,2.0,,,
2L2-1/2X2X5/16X3/4SLBB,2L,2L2-1/2X2X5/16X3/4SLBB,2L2-1/2X2X5/16X3/4SLBB,9.0,2.64,2.0,,,
2L2-1/2X2X1/4SLBB,2L,2L2-1/2X2X1/4SLBB,2L2-1/2X2X1/4SLBB,7.24,2.14,2.0,,,
2L2-1/2X2X1/4X3/8SLBB,2L,2L2-1/2X2X1/4X3/8SLBB,2L2-1/2X2X1/4X3/8SLBB,7.24,2.14,2.0,,,
2L2-1/2X2X1/4X3/4SLBB,2L,2L2-1/2X2X1/4X3/4SLBB,2L2-1/2X2X1/4X3/4SLBB,7.24,2.14,2.0,,,
2L2-1/2X2X3/16SLBB,2L,2L2-1/2X2X3/16SLBB,2L2-1/2X2X3/16SLBB,5.5,1.64,2.0,,,
2L2-1/2X2X3/16X3/8SLBB,2L,2L2-1/2X2X3/16X3/8SLBB,2L2-1/2X2X3/16X3/8SLBB,5.5,1.64,2.0,,,
2L2-1/2X2X3/16X3/4SLBB,2L,2L2-1/2X2X3/16X3/4SLBB,2L2-1/2X2X3/16X3/4SLBB,5.5,1.64,2.0,,,
2L2-1/2X1-1/2X1/4SLBB,2L,2L2-1/2X1-1/2X1/4SLBB,2L2-1/2X1-1/2X1/4SLBB,6.38,1.89,1.5,,,
2L2-1/2X1-1/2X1/4X3/8SLBB,2L,2L2-1/2X1-1/2X1/4X3/8SLBB,2L2-1/2X1-1/2X1/4X3/8SLBB,6.38,1.89,1.5,,,
2L2-1/2X1-1/2X1/4X3/4SLBB,2L,2L2-1/2X1-1/2X1/4X3/4SLBB,2L2-1/2X1-1/2X1/4X3/4SLBB,6.38,1.89,1.5,,,
2L2-1/2X1-1/2X3/16SLBB,2L,2L2-1/2X1-1/2X3/16SLBB,2L2-1/2X1-1/2X3/16SLBB,4.88,1.45,1.5,,,
2L2-1/2X1-1/2X3/16X3/8SLBB,2L,2L2-1/2X1-1/2X3/16X3/8SLBB,2L2-1/2X1-1/2X3/16X3/8SLBB,4.88,1.45,1.5,,,
2L2-1/2X1-1/2X3/16X3/4SLBB,2L,2L2-1/2X1-1/2X3/16X3/4SLBB,2L2-1/2X1-1/2X3/16X3/4SLBB,4.88,1.45,1.5,,,
HSS34X10X1,HSS,HSS34X10X1,HSS34X10X1,277.07,76.2,,,,
HSS34X10X7/8,HSS,HSS34X10X.875,HSS34X10X7/8,244.88,67.3,,,,
HSS34X10X3/4,HSS,HSS34X10X.750,HSS34X10X3/4,212.0,58.2,,,,
HSS34X10X5/8,HSS,HSS34X10X.625,HSS34X10X5/8,178.41,48.9,,,,
HSS30X10X1,HSS,HSS30X10X1,HSS30X10X1,249.85,68.7,,,,
HSS30X10X7/8,HSS,HSS30X10X.875,HSS30X10X7/8,221.06,60.8,,,,
HSS30X10X3/4,HSS,HSS30X10X.750,HSS30X10X3/4,191.58,52.6,,,,
HSS30X10X5/8,HSS,HSS30X10X.625,HSS30X10X5/8,161.4,44.3,,,,
HSS30X10X1/2,HSS,HSS30X10X.500,HSS30X10X1/2,130.52,35.8,,,,
HSS24X20X3/4,HSS,HSS24X20X.750,HSS24X20X3/4,212.0,58.2,,,,
HSS24X20X5/8,HSS,HSS24X20X.625,HSS24X20X5/8,178.41,48.9,,,,
HSS24X20X1/2,HSS,HSS24X20X.500,HSS24X20X1/2,144.13,39.5,,,,
HSS24X20X3/8,HSS,HSS24X20X.375,HSS24X20X3/8,109.15,29.9,,,,
HSS24X20X5/16,HSS,HSS24X20X.313,HSS24X20X5/16,91.39,25.1,,,,
HSS24X18X3/4,HSS,HSS24X18X.750,HSS24X18X3/4,201.79,55.4,,,,
HSS24X18X5/8,HSS,HSS24X18X.625,HSS24X18X5/8,169.91,46.6,,,,
HSS24X18X1/2,HSS,HSS24X18X.500,HSS24X18X1/2,137.32,37.6,,,,
HSS24X18X3/8,HSS,HSS24X18X.375,HSS24X18X3/8,104.04,28.5,,,,
HSS24X18X5/16,HSS,HSS24X18X.313,HSS24X18X5/16,87.14,23.9,,,,
HSS24X16X3/4,HSS,HSS24X16X.750,HSS24X16X3/4,191.58,52.6,,,,
HSS24X16X5/8,HSS,HSS24X16X.625,HSS24X16X5/8,161.4,44.3,,,,
HSS24X16X1/2,HSS,HSS24X16X.500,HSS24X16X1/2,130.52,35.8,,,,
HSS24X16X3/8,HSS,HSS24X16X.375,HSS24X16X3/8,98.94,27.1,,,,
HSS24X16X5/16,HSS,HSS24X16X.313,HSS24X16X5/16,82.88,22.7,,,,
HSS24X14X3/4,HSS,HSS24X14X.750,HSS24X14X3/4,181.37,49.8,,,,
HSS24X14X5/8,HSS,HSS24X14X.625,HSS24X14X5/8,152.89,41.9,,,,
HSS24X14X1/2,HSS,HSS24X14X.500,HSS24X14X1/2,123.71,33.9,,,,
HSS24X14X3/8,HSS,HSS24X14X.375,HSS24X14X3/8,93.83,25.7,,,,
HSS24X14X5/16,HSS,HSS24X14X.313,HSS24X14X5/16,78.63,21.6,,,,
HSS24X14X1/4,HSS,HSS24X14X.250,HSS24X14X1/4,63.25,17.4,,,,
HSS24X12X1,HSS,HSS24X12X1,HSS24X12X1,222.63,61.3,,,,
HSS24X12X7/8,HSS,HSS24X12X.875,HSS24X12X7/8,197.24,54.3,,,,
HSS24X12X3/4,HSS,HSS24X12X.750,HSS24X12X3/4,171.16,47.1,,,,
HSS24X12X5/8,HSS,HSS24X12X.625,HSS24X12X5/8,144.39,39.6,,,,
HSS24X12X1/2,HSS,HSS24X12X.500,HSS24X12X1/2,116.91,32.1,,,,
HSS24X12X3/8,HSS,HSS24X12X.375,HSS24X12X3/8,88.73,24.3,,,,
HSS24X12X5/16,HSS,HSS24X12X.313,HSS24X12X5/16,74.38,20.4,,,,
HSS24X12X1/4,HSS,HSS24X12X.250,HSS24X12X1/4,59.85,16.4,,,,
HSS24X8X1/2,HSS,HSS24X8X.500,HSS24X8X1/2,103.3,28.3,,,,
HSS24X8X3/8,HSS,HSS24X8X.375,HSS24X8X3/8,78.52,21.5,,,,
HSS24X8X5/16,HSS,HSS24X8X.313,HSS24X8X5/16,65.87,18.1,,,,
HSS24X8X1/4,HSS,HSS24X8X.250,HSS24X8X1/4,53.05,14.6,,,,
HSS22X22X1,HSS,HSS22X22X1,HSS22X22X1,277.07,76.2,,,,
HSS22X22X7/8,HSS,HSS22X22X.875,HSS22X22X7/8,244.88,67.3,,,,
HSS22X22X3/4,HSS,HSS22X22X.750,HSS22X22X3/4,212.0,58.2,,,,
HSS22X22X5/8,HSS,HSS22X22X.625,HSS22X22X5/8,178.41,48.9,,,,
HSS22X22X1/2,HSS,HSS22X22X.500,HSS22X22X1/2,144.13,39.5,,,,
HSS22X20X3/4,HSS,HSS22X20X.750,HSS22X20X3/4,201.79,55.4,,,,
HSS22X20X5/8,HSS,HSS22X20X.625,HSS22X20X5/8,169.91,46.6,,,,
HSS22X20X1/2,HSS,HSS22X20X.500,HSS22X20X1/2,137.32,37.6,,,,
HSS22X20X3/8,HSS,HSS22X20X.375,HSS22X20X3/8,104.04,28.5,,,,
HSS22X20X5/16,HSS,HSS22X20X.313,HSS22X20X5/16,87.14,23.9,,,,
HSS22X18X3/4,HSS,HSS22X18X.750,HSS22X18X3/4,191.58,52.6,,,,
HSS22X18X5/8,HSS,HSS22X18X.625,HSS22X18X5/8,161.4,44.3,,,,
HSS22X18X1/2,HSS,HSS22X18X.500,HSS22X18X1/2,130.52,35.8,,,,
HSS22X18X3/8,HSS,HSS22X18X.375,HSS22X18X3/8,98.94,27.1,,,,
HSS22X18X5/16,HSS,HSS22X18X.313,HSS22X18X5/16,82.88,22.7,,,,
HSS22X16X3/4,HSS,HSS22X16X.750,HSS22X16X3/4,181.37,49.8,,,,
HSS22X16X5/8,HSS,HSS22X16X.625,HSS22X16X5/8,152.89,41.9,,,,
HSS22X16X1/2,HSS,HSS22X16X.500,HSS22X16X1/2,123.71,33.9,,,,
HSS22X16X3/8,HSS,HSS22X16X.375,HSS22X16X3/8,93.83,25.7,,,,
HSS22X16X5/16,HSS,HSS22X16X.313,HSS22X16X5/16,78.63,21.6,,,,
HSS22X16X1/4,HSS,HSS22X16X.250,HSS22X16X1/4,63.25,17.4,,,,
HSS22X14X3/4,HSS,HSS22X14X.750,HSS22X14X3/4,171.16,47.1,,,,
HSS22X14X5/8,HSS,HSS22X14X.625,HSS22X14X5/8,144.39,39.6,,,,
HSS22X14X1/2,HSS,HSS22X14X.500,HSS22X14X1/2,116.91,32.1,,,,
HSS22X14X3/8,HSS,HSS22X14X.375,HSS22X14X3/8,88.73,24.3,,,,
HSS22X14X5/16,HSS,HSS22X14X.313,HSS22X14X5/16,74.38,20.4,,,,
HSS22X14X1/4,HSS,HSS22X14X.250,HSS22X14X1/4,59.85,16.4,,,,
HSS22X10X5/8,HSS,HSS22X10X.625,HSS22X10X5/8,127.37,35.0,,,,
HSS22X10X1/2,HSS,HSS22X10X.500,HSS22X10X1/2,103.3,28.3,,,,
HSS22X10X3/8,HSS,HSS22X10X.375,HSS22X10X3/8,78.52,21.5,,,,
HSS22X10X5/16,HSS,HSS22X10X.313,HSS22X10X5/16,65.87,18.1,,,,
HSS22X10X1/4,HSS,HSS22X10X.250,HSS22X10X1/4,53.05,14.6,,,,
HSS20X20X1,HSS,HSS20X20X1,HSS20X20X1,249.85,68.7,,,,
HSS20X20X7/8,HSS,HSS20X20X.875,HSS20X20X7/8,221.06,60.8,,,,
HSS20X20X3/4,HSS,HSS20X20X.750,HSS20X20X3/4,191.58,52.6,,,,
HSS20X20X5/8,HSS,HSS20X20X.625,HSS20X20X5/8,161.4,44.3,,,,
HSS20X20X1/2,HSS,HSS20X20X.500,HSS20X20X1/2,130.52,35.8,,,,
HSS20X20X3/8,HSS,HSS20X20X.375,HSS20X20X3/8,98.94,27.1,,,,
HSS20X20X5/16,HSS,HSS20X20X.313,HSS20X20X5/16,82.88,22.7,,,,
HSS20X16X3/4,HSS,HSS20X16X.750,HSS20X16X3/4,171.16,47.1,,,,
HSS20X16X5/8,HSS,HSS20X16X.625,HSS20X16X5/8,144.39,39.6,,,,
HSS20X16X1/2,HSS,HSS20X16X.500,HSS20X16X1/2,116.91,32.1,,,,
HSS20X16X3/8,HSS,HSS20X16X.375,HSS20X16X3/8,88.73,24.3,,,,
HSS20X16X5/16,HSS,HSS20X16X.313,HSS20X16X5/16,74.38,20.4,,,,
HSS20X16X1/4,HSS,HSS20X16X.250,HSS20X16X1/4,59.85,16.4,,,,
HSS20X12X1,HSS,HSS20X12X1,HSS20X12X1,195.4,53.8,,,,
HSS20X12X7/8,HSS,HSS20X12X.875,HSS20X12X7/8,173.43,47.7,,,,
HSS20X12X3/4,HSS,HSS20X12X.750,HSS20X12X3/4,150.75,41.5,,,,
HSS20X12X5/8,HSS,HSS20X12X.625,HSS20X12X5/8,127.37,35.0,,,,
HSS20X12X1/2,HSS,HSS20X12X.500,HSS20X12X1/2,103.3,28.3,,,,
HSS20X12X3/8,HSS,HSS20X12X.375,HSS20X12X3/8,78.52,21.5,,,,
HSS20X12X5/16,HSS,HSS20X12X.313,HSS20X12X5/16,65.87,18.1,,,,
HSS20X8X1,HSS,HSS20X8X1,HSS20X8X1,168.18,46.4,,,,
HSS20X8X7/8,HSS,HSS20X8X.875,HSS20X8X7/8,149.61,41.2,,,,
HSS20X8X3/4,HSS,HSS20X8X.750,HSS20X8X3/4,130.33,35.9,,,,
HSS20X8X5/8,HSS,HSS20X8X.625,HSS20X8X5/8,110.36,30.3,,,,
HSS20X8X1/2,HSS,HSS20X8X.500,HSS20X8X1/2,89.68,24.6,,,,
HSS20X8X3/8,HSS,HSS20X8X.375,HSS20X8X3/8,68.31,18.7,,,,
HSS20X8X5/16,HSS,HSS20X8X.313,HSS20X8X5/16,57.36,15.7,,,,
HSS20X6X5/8,HSS,HSS20X6X.625,HSS20X6X5/8,101.85,28.0,,,,
HSS20X6X1/2,HSS,HSS20X6X.500,HSS20X6X1/2,82.88,22.8,,,,
HSS20X6X3/8,HSS,HSS20X6X.375,HSS20X6X3/8,63.21,17.3,,,,
HSS20X6X5/16,HSS,HSS20X6X.313,HSS20X6X5/16,53.11,14.6,,,,
HSS20X6X1/4,HSS,HSS20X6X.250,HSS20X6X1/4,42.84,11.8,,,,
HSS20X4X1/2,HSS,HSS20X4X.500,HSS20X4X1/2,76.07,20.9,,,,
HSS20X4X3/8,HSS,HSS20X4X.375,HSS20X4X3/8,58.1,16.0,,,,
HSS20X4X5/16,HSS,HSS20X4X.313,HSS20X4X5/16,48.86,13.4,,,,
HSS20X4X1/4,HSS,HSS20X4X.250,HSS20X4X1/4,39.43,10.8,,,,
HSS18X18X1,HSS,HSS18X18X1,HSS18X18X1,222.63,61.3,,,,
HSS18X18X7/8,HSS,HSS18X18X.875,HSS18X18X7/8,197.24,54.3,,,,
HSS18X18X3/4,HSS,HSS18X18X.750,HSS18X18X3/4,171.16,47.1,,,,
HSS18X18X5/8,HSS,HSS18X18X.625,HSS18X18X5/8,144.39,39.6,,,,
HSS18X18X1/2,HSS,HSS18X18X.500,HSS18X18X1/2,116.91,32.1,,,,
HSS18X18X3/8,HSS,HSS18X18X.375,HSS18X18X3/8,88.73,24.3,,,,
HSS18X18X5/16,HSS,HSS18X18X.313,HSS18X18X5/16,74.38,20.4,,,,
HSS18X18X1/4,HSS,HSS18X18X.250,HSS18X18X1/4,59.85,16.4,,,,
HSS18X10X5/8,HSS,HSS18X10X.625,HSS18X10X5/8,110.36,30.3,,,,
HSS18X10X1/2,HSS,HSS18X10X.500,HSS18X10X1/2,89.68,24.6,,,,
HSS18X10X3/8,HSS,HSS18X10X.375,HSS18X10X3/8,68.31,18.7,,,,
HSS18X10X5/16,HSS,HSS18X10X.313,HSS18X10X5/16,57.36,15.7,,,,
HSS18X10X1/4,HSS,HSS18X10X.250,HSS18X10X1/4,46.24,12.7,,,,
HSS18X8X5/8,HSS,HSS18X8X.625,HSS18X8X5/8,101.85,28.0,,,,
HSS18X8X1/2,HSS,HSS18X8X.500,HSS18X8X1/2,82.88,22.8,,,,
HSS18X8X3/8,HSS,HSS18X8X.375,HSS18X8X3/8,63.21,17.3,,,,
HSS18X8X5/16,HSS,HSS18X8X.313,HSS18X8X5/16,53.11,14.6,,,,
HSS18X8X1/4,HSS,HSS18X8X.250,HSS18X8X1/4,42.84,11.8,,,,
HSS18X6X3/4,HSS,HSS18X6X.750,HSS18X6X3/4,109.91,30.3,,,,
HSS18X6X5/8,HSS,HSS18X6X.625,HSS18X6X5/8,93.34,25.7,,,,
HSS18X6X1/2,HSS,HSS18X6X.500,HSS18X6X1/2,76.07,20.9,,,,
HSS18X6X3/8,HSS,HSS18X6X.375,HSS18X6X3/8,58.1,16.0,,,,
HSS18X6X5/16,HSS,HSS18X6X.313,HSS18X6X5/16,48.86,13.4,,,,
HSS18X6X1/4,HSS,HSS18X6X.250,HSS18X6X1/4,39.43,10.8,,,,
HSS16X16X1,HSS,HSS16X16X1,HSS16X16X1,195.4,53.8,,,,
HSS16X16X7/8,HSS,HSS16X16X.875,HSS16X16X7/8,173.43,47.7,,,,
HSS16X16X3/4,HSS,HSS16X16X.750,HSS16X16X3/4,150.75,41.5,,,,
HSS16X16X5/8,HSS,HSS16X16X.625,HSS16X16X5/8,127.37,35.0,,,,
HSS16X16X1/2,HSS,HSS16X16X.500,HSS16X16X1/2,103.3,28.3,,,,
HSS16X16X3/8,HSS,HSS16X16X.375,HSS16X16X3/8,78.52,21.5,,,,
HSS16X16X5/16,HSS,HSS16X16X.313,HSS16X16X5/16,65.87,18.1,,,,
HSS16X16X1/4,HSS,HSS16X16X.250,HSS16X16X1/4,53.05,14.6,,,,
HSS16X12X1,HSS,HSS16X12X1,HSS16X12X1,168.18,46.4,,,,
HSS16X12X7/8,HSS,HSS16X12X.875,HSS16X12X7/8,149.61,41.2,,,,
HSS16X12X3/4,HSS,HSS16X12X.750,HSS16X12X3/4,130.33,35.9,,,,
HSS16X12X5/8,HSS,HSS16X12X.625,HSS16X12X5/8,110.36,30.3,,,,
HSS16X12X1/2,HSS,HSS16X12X.500,HSS16X12X1/2,89.68,24.6,,,,
HSS16X12X3/8,HSS,HSS16X12X.375,HSS16X12X3/8,68.31,18.7,,,,
HSS16X12X5/16,HSS,HSS16X12X.313,HSS16X12X5/16,57.36,15.7,,,,
HSS16X10X5/8,HSS,HSS16X10X.625,HSS16X10X5/8,101.85,28.0,,,,
HSS16X10X1/2,HSS,HSS16X10X.500,HSS16X10X1/2,82.88,22.8,,,,
HSS16X10X3/8,HSS,HSS16X10X.375,HSS16X10X3/8,63.21,17.3,,,,
HSS16X10X5/16,HSS,HSS16X10X.313,HSS16X10X5/16,53.11,14.6,,,,
HSS16X10X1/4,HSS,HSS16X10X.250,HSS16X10X1/4,42.84,11.8,,,,
HSS16X8X7/8,HSS,HSS16X8X.875,HSS16X8X7/8,125.79,34.7,,,,
HSS16X8X3/4,HSS,HSS16X8X.750,HSS16X8X3/4,109.91,30.3,,,,
HSS16X8X5/8,HSS,HSS16X8X.625,HSS16X8X5/8,93.34,25.7,,,,
HSS16X8X1/2,HSS,HSS16X8X.500,HSS16X8X1/2,76.07,20.9,,,,
HSS16X8X3/8,HSS,HSS16X8X.375,HSS16X8X3/8,58.1,16.0,,,,
HSS16X8X5/16,HSS,HSS16X8X.313,HSS16X8X5/16,48.86,13.4,,,,
HSS16X8X1/4,HSS,HSS16X8X.250,HSS16X8X1/4,39.43,10.8,,,,
HSS16X6X5/8,HSS,HSS16X6X.625,HSS16X6X5/8,84.84,23.3,,,,
HSS16X6X1/2,HSS,HSS16X6X.500,HSS16X6X1/2,69.27,19.0,,,,
HSS16X6X3/8,HSS,HSS16X6X.375,HSS16X6X3/8,53.0,14.6,,,,
HSS16X6X5/16,HSS,HSS16X6X.313,HSS16X6X5/16,44.6,12.2,,,,
HSS16X6X1/4,HSS,HSS16X6X.250,HSS16X6X1/4,36.03,9.9,,,,
HSS16X6X3/16,HSS,HSS16X6X.188,HSS16X6X3/16,27.29,7.46,,,,
HSS16X4X5/8,HSS,HSS16X4X.625,HSS16X4X5/8,76.33,21.0,,,,
HSS16X4X1/2,HSS,HSS16X4X.500,HSS16X4X1/2,62.46,17.2,,,,
HSS16X4X3/8,HSS,HSS16X4X.375,HSS16X4X3/8,47.9,13.2,,,,
HSS16X4X5/16,HSS,HSS16X4X.313,HSS16X4X5/16,40.35,11.1,,,,
HSS16X4X1/4,HSS,HSS16X4X.250,HSS16X4X1/4,32.63,8.96,,,,
HSS16X4X3/16,HSS,HSS16X4X.188,HSS16X4X3/16,24.73,6.76,,,,
HSS14X14X1,HSS,HSS14X14X1,HSS14X14X1,168.18,46.4,,,,
HSS14X14X7/8,HSS,HSS14X14X.875,HSS14X14X7/8,149.61,41.2,,,,
HSS14X14X3/4,HSS,HSS14X14X.750,HSS14X14X3/4,130.33,35.9,,,,
HSS14X14X5/8,HSS,HSS14X14X.625,HSS14X14X5/8,110.36,30.3,,,,
HSS14X14X1/2,HSS,HSS14X14X.500,HSS14X14X1/2,89.68,24.6,,,,
HSS14X14X3/8,HSS,HSS14X14X.375,HSS14X14X3/8,68.31,18.7,,,,
HSS14X14X5/16,HSS,HSS14X14X.313,HSS14X14X5/16,57.36,15.7,,,,
HSS14X14X1/4,HSS,HSS14X14X.250,HSS14X14X1/4,46.24,12.7,,,,
HSS14X12X5/8,HSS,HSS14X12X.625,HSS14X12X5/8,101.85,28.0,,,,
HSS14X12X1/2,HSS,HSS14X12X.500,HSS14X12X1/2,82.88,22.8,,,,
HSS14X12X3/8,HSS,HSS14X12X.375,HSS14X12X3/8,63.21,17.3,,,,
HSS14X12X5/16,HSS,HSS14X12X.313,HSS14X12X5/16,53.11,14.6,,,,
HSS14X12X1/4,HSS,HSS14X12X.250,HSS14X12X1/4,42.84,11.8,,,,
HSS14X10X7/8,HSS,HSS14X10X.875,HSS14X10X7/8,125.79,34.7,,,,
HSS14X10X3/4,HSS,HSS14X10X.750,HSS14X10X3/4,109.91,30.3,,,,
HSS14X10X5/8,HSS,HSS14X10X.625,HSS14X10X5/8,93.34,25.7,,,,
HSS14X10X1/2,HSS,HSS14X10X.500,HSS14X10X1/2,76.07,20.9,,,,
HSS14X10X3/8,HSS,HSS14X10X.375,HSS14X10X3/8,58.1,16.0,,,,
HSS14X10X5/16,HSS,HSS14X10X.313,HSS14X10X5/16,48.86,13.4,,,,
HSS14X10X1/4,HSS,HSS14X10X.250,HSS14X10X1/4,39.43,10.8,,,,
HSS14X8X5/8,HSS,HSS14X8X.625,HSS14X8X5/8,84.84,23.3,,,,
HSS14X8X1/2,HSS,HSS14X8X.500,HSS14X8X1/2,69.27,19.0,,,,
HSS14X8X3/8,HSS,HSS14X8X.375,HSS14X8X3/8,53.0,14.6,,,,
HSS14X8X5/16,HSS,HSS14X8X.313,HSS14X8X5/16,44.6,12.2,,,,
HSS14X8X1/4,HSS,HSS14X8X.250,HSS14X8X1/4,36.03,9.9,,,,
HSS14X8X3/16,HSS,HSS14X8X.188,HSS14X8X3/16,27.29,7.46,,,,
HSS14X6X5/8,HSS,HSS14X6X.625,HSS14X6X5/8,76.33,21.0,,,,
HSS14X6X1/2,HSS,HSS14X6X.500,HSS14X6X1/2,62.46,17.2,,,,
HSS14X6X3/8,HSS,HSS14X6X.375,HSS14X6X3/8,47.9,13.2,,,,
HSS14X6X5/16,HSS,HSS14X6X.313,HSS14X6X5/16,40.35,11.1,,,,
HSS14X6X1/4,HSS,HSS14X6X.250,HSS14X6X1/4,32.63,8.96,,,,
HSS14X6X3/16,HSS,HSS14X6X.188,HSS14X6X3/16,24.73,6.76,,,,
HSS14X4X5/8,HSS,HSS14X4X.625,HSS14X4X5/8,67.82,18.7,,,,
HSS14X4X1/2,HSS,HSS14X4X.500,HSS14X4X1/2,55.66,15.3,,,,
HSS14X4X3/8,HSS,HSS14X4X.375,HSS14X4X3/8,42.79,11.8,,,,
HSS14X4X5/16,HSS,HSS14X4X.313,HSS14X4X5/16,36.1,9.92,,,,
HSS14X4X1/4,HSS,HSS14X4X.250,HSS14X4X1/4,29.23,8.03,,,,
HSS14X4X3/16,HSS,HSS14X4X.188,HSS14X4X3/16,22.18,6.06,,,,
HSS12X12X1,HSS,HSS12X12X1,HSS12X12X1,140.96,39.0,,,,
HSS12X12X7/8,HSS,HSS12X12X.875,HSS12X12X7/8,125.79,34.7,,,,
HSS12X12X3/4,HSS,HSS12X12X.750,HSS12X12X3/4,109.91,30.3,,,,
HSS12X12X5/8,HSS,HSS12X12X.625,HSS12X12X5/8,93.34,25.7,,,,
HSS12X12X1/2,HSS,HSS12X12X.500,HSS12X12X1/2,76.07,20.9,,,,
HSS12X12X3/8,HSS,HSS12X12X.375,HSS12X12X3/8,58.1,16.0,,,,
HSS12X12X5/16,HSS,HSS12X12X.313,HSS12X12X5/16,48.86,13.4,,,,
HSS12X12X1/4,HSS,HSS12X12X.250,HSS12X12X1/4,39.43,10.8,,,,
HSS12X12X3/16,HSS,HSS12X12X.188,HSS12X12X3/16,29.84,8.15,,,,
HSS12X10X5/8,HSS,HSS12X10X.625,HSS12X10X5/8,84.84,23.3,,,,
HSS12X10X1/2,HSS,HSS12X10X.500,HSS12X10X1/2,69.27,19.0,,,,
HSS12X10X3/8,HSS,HSS12X10X.375,HSS12X10X3/8,53.0,14.6,,,,
HSS12X10X5/16,HSS,HSS12X10X.313,HSS12X10X5/16,44.6,12.2,,,,
HSS12X10X1/4,HSS,HSS12X10X.250,HSS12X10X1/4,36.03,9.9,,,,
HSS12X10X3/16,HSS,HSS12X10X.188,HSS12X10X3/16,27.29,7.46,,,,
HSS12X8X5/8,HSS,HSS12X8X.625,HSS12X8X5/8,76.33,21.0,,,,
HSS12X8X1/2,HSS,HSS12X8X.500,HSS12X8X1/2,62.46,17.2,,,,
HSS12X8X3/8,HSS,HSS12X8X.375,HSS12X8X3/8,47.9,13.2,,,,
HSS12X8X5/16,HSS,HSS12X8X.313,HSS12X8X5/16,40.35,11.1,,,,
HSS12X8X1/4,HSS,HSS12X8X.250,HSS12X8X1/4,32.63,8.96,,,,
HSS12X8X3/16,HSS,HSS12X8X.188,HSS12X8X3/16,24.73,6.76,,,,
HSS12X6X5/8,HSS,HSS12X6X.625,HSS12X6X5/8,67.82,18.7,,,,
HSS12X6X1/2,HSS,HSS12X6X.500,HSS12X6X1/2,55.66,15.3,,,,
HSS12X6X3/8,HSS,HSS12X6X.375,HSS12X6X3/8,42.79,11.8,,,,
HSS12X6X5/16,HSS,HSS12X6X.313,HSS12X6X5/16,36.1,9.92,,,,
HSS12X6X1/4,HSS,HSS12X6X.250,HSS12X6X1/4,29.23,8.03,,,,
HSS12X6X3/16,HSS,HSS12X6X.188,HSS12X6X3/16,22.18,6.06,,,,
HSS12X4X5/8,HSS,HSS12X4X.625,HSS12X4X5/8,59.32,16.4,,,,
HSS12X4X1/2,HSS,HSS12X4X.500,HSS12X4X1/2,48.85,13.5,,,,
HSS12X4X3/8,HSS,HSS12X4X.375,HSS12X4X3/8,37.69,10.4,,,,
HSS12X4X5/16,HSS,HSS12X4X.313,HSS12X4X5/16,31.84,8.76,,,,
HSS12X4X1/4,HSS,HSS12X4X.250,HSS12X4X1/4,25.82,7.1,,,,
HSS12X4X3/16,HSS,HSS12X4X.188,HSS12X4X3/16,19.63,5.37,,,,
HSS12X3X5/16,HSS,HSS12X3X.313,HSS12X3X5/16,29.72,8.17,,,,
HSS12X3X1/4,HSS,HSS12X3X.250,HSS12X3X1/4,24.12,6.63,,,,
HSS12X3X3/16,HSS,HSS12X3X.188,HSS12X3X3/16,18.35,5.02,,,,
HSS12X2X5/16,HSS,HSS12X2X.313,HSS12X2X5/16,27.59,7.59,,,,
HSS12X2X1/4,HSS,HSS12X2X.250,HSS12X2X1/4,22.42,6.17,,,,
HSS12X2X3/16,HSS,HSS12X2X.188,HSS12X2X3/16,17.08,4.67,,,,
HSS10X10X3/4,HSS,HSS10X10X.750,HSS10X10X3/4,89.5,24.7,,,,
HSS10X10X5/8,HSS,HSS10X10X.625,HSS10X10X5/8,76.33,21.0,,,,
HSS10X10X1/2,HSS,HSS10X10X.500,HSS10X10X1/2,62.46,17.2,,,,
HSS10X10X3/8,HSS,HSS10X10X.375,HSS10X10X3/8,47.9,13.2,,,,
HSS10X10X5/16,HSS,HSS10X10X.313,HSS10X10X5/16,40.35,11.1,,,,
HSS10X10X1/4,HSS,HSS10X10X.250,HSS10X10X1/4,32.63,8.96,,,,
HSS10X10X3/16,HSS,HSS10X10X.188,HSS10X10X3/16,24.73,6.76,,,,
HSS10X8X5/8,HSS,HSS10X8X.625,HSS10X8X5/8,67.82,18.7,,,,
HSS10X8X1/2,HSS,HSS10X8X.500,HSS10X8X1/2,55.66,15.3,,,,
HSS10X8X3/8,HSS,HSS10X8X.375,HSS10X8X3/8,42.79,11.8,,,,
HSS10X8X5/16,HSS,HSS10X8X.313,HSS10X8X5/16,36.1,9.92,,,,
HSS10X8X1/4,HSS,HSS10X8X.250,HSS10X8X1/4,29.23,8.03,,,,
HSS10X8X3/16,HSS,HSS10X8X.188,HSS10X8X3/16,22.18,6.06,,,,
HSS10X6X5/8,HSS,HSS10X6X.625,HSS10X6X5/8,59.32,16.4,,,,
HSS10X6X1/2,HSS,HSS10X6X.500,HSS10X6X1/2,48.85,13.5,,,,
HSS10X6X3/8,HSS,HSS10X6X.375,HSS10X6X3/8,37.69,10.4,,,,
HSS10X6X5/16,HSS,HSS10X6X.313,HSS10X6X5/16,31.84,8.76,,,,
HSS10X6X1/4,HSS,HSS10X6X.250,HSS10X6X1/4,25.82,7.1,,,,
HSS10X6X3/16,HSS,HSS10X6X.188,HSS10X6X3/16,19.63,5.37,,,,
HSS10X5X3/8,HSS,HSS10X5X.375,HSS10X5X3/8,35.13,9.67,,,,
HSS10X5X5/16,HSS,HSS10X5X.313,HSS10X5X5/16,29.72,8.17,,,,
HSS10X5X1/4,HSS,HSS10X5X.250,HSS10X5X1/4,24.12,6.63,,,,
HSS10X4X5/8,HSS,HSS10X4X.625,HSS10X4X5/8,50.81,14.0,,,,
HSS10X4X1/2,HSS,HSS10X4X.500,HSS10X4X1/2,42.05,11.6,,,,
HSS10X4X3/8,HSS,HSS10X4X.375,HSS10X4X3/8,32.58,8.97,,,,
HSS10X4X5/16,HSS,HSS10X4X.313,HSS10X4X5/16,27.59,7.59,,,,
HSS10X4X1/4,HSS,HSS10X4X.250,HSS10X4X1/4,22.42,6.17,,,,
HSS10X4X3/16,HSS,HSS10X4X.188,HSS10X4X3/16,17.08,4.67,,,,
HSS10X4X1/8,HSS,HSS10X4X.125,HSS10X4X1/8,11.56,3.16,,,,
HSS10X3-1/2X3/8,HSS,HSS10X3-1/2X.375,HSS10X3-1/2X3/8,31.31,8.62,,,,
HSS10X3-1/2X5/16,HSS,HSS10X3-1/2X.313,HSS10X3-1/2X5/16,26.53,7.3,,,,
HSS10X3-1/2X1/4,HSS,HSS10X3-1/2X.250,HSS10X3-1/2X1/4,21.57,5.93,,,,
HSS10X3-1/2X3/16,HSS,HSS10X3-1/2X.188,HSS10X3-1/2X3/16,16.44,4.5,,,,
HSS10X3X3/8,HSS,HSS10X3X.375,HSS10X3X3/8,30.03,8.27,,,,
HSS10X3X5/16,HSS,HSS10X3X.313,HSS10X3X5/16,25.46,7.01,,,,
HSS10X3X1/4,HSS,HSS10X3X.250,HSS10X3X1/4,20.72,5.7,,,,
HSS10X3X3/16,HSS,HSS10X3X.188,HSS10X3X3/16,15.8,4.32,,,,
HSS10X3X1/8,HSS,HSS10X3X.125,HSS10X3X1/8,10.71,2.93,,,,
HSS10X2X3/8,HSS,HSS10X2X.375,HSS10X2X3/8,27.48,7.58,,,,
HSS10X2X5/16,HSS,HSS10X2X.313,HSS10X2X5/16,23.34,6.43,,,,
HSS10X2X1/4,HSS,HSS10X2X.250,HSS10X2X1/4,19.02,5.24,,,,
HSS10X2X3/16,HSS,HSS10X2X.188,HSS10X2X3/16,14.53,3.98,,,,
HSS10X2X1/8,HSS,HSS10X2X.125,HSS10X2X1/8,9.86,2.7,,,,
HSS9X9X5/8,HSS,HSS9X9X.625,HSS9X9X5/8,67.82,18.7,,,,
HSS9X9X1/2,HSS,HSS9X9X.500,HSS9X9X1/2,55.66,15.3,,,,
HSS9X9X3/8,HSS,HSS9X9X.375,HSS9X9X3/8,42.79,11.8,,,,
HSS9X9X5/16,HSS,HSS9X9X.313,HSS9X9X5/16,36.1,9.92,,,,
HSS9X9X1/4,HSS,HSS9X9X.250,HSS9X9X1/4,29.23,8.03,,,,
HSS9X9X3/16,HSS,HSS9X9X.188,HSS9X9X3/16,22.18,6.06,,,,
HSS9X9X1/8,HSS,HSS9X9X.125,HSS9X9X1/8,14.96,4.09,,,,
HSS9X7X5/8,HSS,HSS9X7X.625,HSS9X7X5/8,59.32,16.4,,,,
HSS9X7X1/2,HSS,HSS9X7X.500,HSS9X7X1/2,48.85,13.5,,,,
HSS9X7X3/8,HSS,HSS9X7X.375,HSS9X7X3/8,37.69,10.4,,,,
HSS9X7X5/16,HSS,HSS9X7X.313,HSS9X7X5/16,31.84,8.76,,,,
HSS9X7X1/4,HSS,HSS9X7X.250,HSS9X7X1/4,25.82,7.1,,,,
HSS9X7X3/16,HSS,HSS9X7X.188,HSS9X7X3/16,19.63,5.37,,,,
HSS9X5X5/8,HSS,HSS9X5X.625,HSS9X5X5/8,50.81,14.0,,,,
HSS9X5X1/2,HSS,HSS9X5X.500,HSS9X5X1/2,42.05,11.6,,,,
HSS9X5X3/8,HSS,HSS9X5X.375,HSS9X5X3/8,32.58,8.97,,,,
HSS9X5X5/16,HSS,HSS9X5X.313,HSS9X5X5/16,27.59,7.59,,,,
HSS9X5X1/4,HSS,HSS9X5X.250,HSS9X5X1/4,22.42,6.17,,,,
HSS9X5X3/16,HSS,HSS9X5X.188,HSS9X5X3/16,17.08,4.67,,,,
HSS9X3X1/2,HSS,HSS9X3X.500,HSS9X3X1/2,35.24,9.74,,,,
HSS9X3X3/8,HSS,HSS9X3X.375,HSS9X3X3/8,27.48,7.58,,,,
HSS9X3X5/16,HSS,HSS9X3X.313,HSS9X3X5/16,23.34,6.43,,,,
HSS9X3X1/4,HSS,HSS9X3X.250,HSS9X3X1/4,19.02,5.24,,,,
HSS9X3X3/16,HSS,HSS9X3X.188,HSS9X3X3/16,14.53,3.98,,,,
HSS8X8X5/8,HSS,HSS8X8X.625,HSS8X8X5/8,59.32,16.4,,,,
HSS8X8X1/2,HSS,HSS8X8X.500,HSS8X8X1/2,48.85,13.5,,,,
HSS8X8X3/8,HSS,HSS8X8X.375,HSS8X8X3/8,37.69,10.4,,,,
HSS8X8X5/16,HSS,HSS8X8X.313,HSS8X8X5/16,31.84,8.76,,,,
HSS8X8X1/4,HSS,HSS8X8X.250,HSS8X8X1/4,25.82,7.1,,,,
HSS8X8X3/16,HSS,HSS8X8X.188,HSS8X8X3/16,19.63,5.37,,,,
HSS8X8X1/8,HSS,HSS8X8X.125,HSS8X8X1/8,13.26,3.62,,,,
HSS8X6X5/8,HSS,HSS8X6X.625,HSS8X6X5/8,50.81,14.0,,,,
HSS8X6X1/2,HSS,HSS8X6X.500,HSS8X6X1/2,42.05,11.6,,,,
HSS8X6X3/8,HSS,HSS8X6X.375,HSS8X6X3/8,32.58,8.97,,,,
HSS8X6X5/16,HSS,HSS8X6X.313,HSS8X6X5/16,27.59,7.59,,,,
HSS8X6X1/4,HSS,HSS8X6X.250,HSS8X6X1/4,22.42,6.17,,,,
HSS8X6X3/16,HSS,HSS8X6X.188,HSS8X6X3/16,17.08,4.67,,,,
HSS8X4X5/8,HSS,HSS8X4X.625,HSS8X4X5/8,42.3,11.7,,,,
HSS8X4X1/2,HSS,HSS8X4X.500,HSS8X4X1/2,35.24,9.74,,,,
HSS8X4X3/8,HSS,HSS8X4X.375,HSS8X4X3/8,27.48,7.58,,,,
HSS8X4X5/16,HSS,HSS8X4X.313,HSS8X4X5/16,23.34,6.43,,,,
HSS8X4X1/4,HSS,HSS8X4X.250,HSS8X4X1/4,19.02,5.24,,,,
HSS8X4X3/16,HSS,HSS8X4X.188,HSS8X4X3/16,14.53,3.98,,,,
HSS8X4X1/8,HSS,HSS8X4X.125,HSS8X4X1/8,9.86,2.7,,,,
HSS8X3X1/2,HSS,HSS8X3X.500,HSS8X3X1/2,31.84,8.81,,,,
HSS8X3X3/8,HSS,HSS8X3X.375,HSS8X3X3/8,24.93,6.88,,,,
HSS8X3X5/16,HSS,HSS8X3X.313,HSS8X3X5/16,21.21,5.85,,,,
HSS8X3X1/4,HSS,HSS8X3X.250,HSS8X3X1/4,17.32,4.77,,,,
HSS8X3X3/16,HSS,HSS8X3X.188,HSS8X3X3/16,13.25,3.63,,,,
HSS8X3X1/8,HSS,HSS8X3X.125,HSS8X3X1/8,9.01,2.46,,,,
HSS8X2X1/2,HSS,HSS8X2X.500,HSS8X2X1/2,28.43,7.88,,,,
HSS8X2X3/8,HSS,HSS8X2X.375,HSS8X2X3/8,22.37,6.18,,,,
HSS8X2X5/16,HSS,HSS8X2X.313,HSS8X2X5/16,19.08,5.26,,,,
HSS8X2X1/4,HSS,HSS8X2X.250,HSS8X2X1/4,15.62,4.3,,,,
HSS8X2X3/16,HSS,HSS8X2X.188,HSS8X2X3/16,11.97,3.28,,,,
HSS8X2X1/8,HSS,HSS8X2X.125,HSS8X2X1/8,8.16,2.23,,,,
HSS7X7X5/8,HSS,HSS7X7X.625,HSS7X7X5/8,50.81,14.0,,,,
HSS7X7X1/2,HSS,HSS7X7X.500,HSS7X7X1/2,42.05,11.6,,,,
HSS7X7X3/8,HSS,HSS7X7X.375,HSS7X7X3/8,32.58,8.97,,,,
HSS7X7X5/16,HSS,HSS7X7X.313,HSS7X7X5/16,27.59,7.59,,,,
HSS7X7X1/4,HSS,HSS7X7X.250,HSS7X7X1/4,22.42,6.17,,,,
HSS7X7X3/16,HSS,HSS7X7X.188,HSS7X7X3/16,17.08,4.67,,,,
HSS7X7X1/8,HSS,HSS7X7X.125,HSS7X7X1/8,11.56,3.16,,,,
HSS7X5X1/2,HSS,HSS7X5X.500,HSS7X5X1/2,35.24,9.74,,,,
HSS7X5X3/8,HSS,HSS7X5X.375,HSS7X5X3/8,27.48,7.58,,,,
HSS7X5X5/16,HSS,HSS7X5X.313,HSS7X5X5/16,23.34,6.43,,,,
HSS7X5X1/4,HSS,HSS7X5X.250,HSS7X5X1/4,19.02,5.24,,,,
HSS7X5X3/16,HSS,HSS7X5X.188,HSS7X5X3/16,14.53,3.98,,,,
HSS7X5X1/8,HSS,HSS7X5X.125,HSS7X5X1/8,9.86,2.7,,,,
HSS7X4X1/2,HSS,HSS7X4X.500,HSS7X4X1/2,31.84,8.81,,,,
HSS7X4X3/8,HSS,HSS7X4X.375,HSS7X4X3/8,24.93,6.88,,,,
HSS7X4X5/16,HSS,HSS7X4X.313,HSS7X4X5/16,21.21,5.85,,,,
HSS7X4X1/4,HSS,HSS7X4X.250,HSS7X4X1/4,17.32,4.77,,,,
HSS7X4X3/16,HSS,HSS7X4X.188,HSS7X4X3/16,13.25,3.63,,,,
HSS7X4X1/8,HSS,HSS7X4X.125,HSS7X4X1/8,9.01,2.46,,,,
HSS7X3X1/2,HSS,HSS7X3X.500,HSS7X3X1/2,28.43,7.88,,,,
HSS7X3X3/8,HSS,HSS7X3X.375,HSS7X3X3/8,22.37,6.18,,,,
HSS7X3X5/16,HSS,HSS7X3X.313,HSS7X3X5/16,19.08,5.26,,,,
HSS7X3X1/4,HSS,HSS7X3X.250,HSS7X3X1/4,15.62,4.3,,,,
HSS7X3X3/16,HSS,HSS7X3X.188,HSS7X3X3/16,11.97,3.28,,,,
HSS7X3X1/8,HSS,HSS7X3X.125,HSS7X3X1/8,8.16,2.23,,,,
HSS7X2X1/4,HSS,HSS7X2X.250,HSS7X2X1/4,13.91,3.84,,,,
HSS7X2X3/16,HSS,HSS7X2X.188,HSS7X2X3/16,10.7,2.93,,,,
HSS7X2X1/8,HSS,HSS7X2X.125,HSS7X2X1/8,7.31,2.0,,,,
HSS6X6X5/8,HSS,HSS6X6X.625,HSS6X6X5/8,42.3,11.7,,,,
HSS6X6X1/2,HSS,HSS6X6X.500,HSS6X6X1/2,35.24,9.74,,,,
HSS6X6X3/8,HSS,HSS6X6X.375,HSS6X6X3/8,27.48,7.58,,,,
HSS6X6X5/16,HSS,HSS6X6X.313,HSS6X6X5/16,23.34,6.43,,,,
HSS6X6X1/4,HSS,HSS6X6X.250,HSS6X6X1/4,19.02,5.24,,,,
HSS6X6X3/16,HSS,HSS6X6X.188,HSS6X6X3/16,14.53,3.98,,,,
HSS6X6X1/8,HSS,HSS6X6X.125,HSS6X6X1/8,9.86,2.7,,,,
HSS6X5X1/2,HSS,HSS6X5X.500,HSS6X5X1/2,31.84,8.81,,,,
HSS6X5X3/8,HSS,HSS6X5X.375,HSS6X5X3/8,24.93,6.88,,,,
HSS6X5X5/16,HSS,HSS6X5X.313,HSS6X5X5/16,21.21,5.85,,,,
HSS6X5X1/4,HSS,HSS6X5X.250,HSS6X5X1/4,17.32,4.77,,,,
HSS6X5X3/16,HSS,HSS6X5X.188,HSS6X5X3/16,13.25,3.63,,,,
HSS6X5X1/8,HSS,HSS6X5X.125,HSS6X5X1/8,9.01,2.46,,,,
HSS6X4X1/2,HSS,HSS6X4X.500,HSS6X4X1/2,28.43,7.88,,,,
HSS6X4X3/8,HSS,HSS6X4X.375,HSS6X4X3/8,22.37,6.18,,,,
HSS6X4X5/16,HSS,HSS6X4X.313,HSS6X4X5/16,19.08,5.26,,,,
HSS6X4X1/4,HSS,HSS6X4X.250,HSS6X4X1/4,15.62,4.3,,,,
HSS6X4X3/16,HSS,HSS6X4X.188,HSS6X4X3/16,11.97,3.28,,,,
HSS6X4X1/8,HSS,HSS6X4X.125,HSS6X4X1/8,8.16,2.23,,,,
HSS6X3X1/2,HSS,HSS6X3X.500,HSS6X3X1/2,25.03,6.95,,,,
HSS6X3X3/8,HSS,HSS6X3X.375,HSS6X3X3/8,19.82,5.48,,,,
HSS6X3X5/16,HSS,HSS6X3X.313,HSS6X3X5/16,16.96,4.68,,,,
HSS6X3X1/4,HSS,HSS6X3X.250,HSS6X3X1/4,13.91,3.84,,,,
HSS6X3X3/16,HSS,HSS6X3X.188,HSS6X3X3/16,10.7,2.93,,,,
HSS6X3X1/8,HSS,HSS6X3X.125,HSS6X3X1/8,7.31,2.0,,,,
HSS6X2X3/8,HSS,HSS6X2X.375,HSS6X2X3/8,17.27,4.78,,,,
HSS6X2X5/16,HSS,HSS6X2X.313,HSS6X2X5/16,14.83,4.1,,,,
HSS6X2X1/4,HSS,HSS6X2X.250,HSS6X2X1/4,12.21,3.37,,,,
HSS6X2X3/16,HSS,HSS6X2X.188,HSS6X2X3/16,9.42,2.58,,,,
HSS6X2X1/8,HSS,HSS6X2X.125,HSS6X2X1/8,6.46,1.77,,,,
HSS5-1/2X5-1/2X3/8,HSS,HSS5-1/2X5-1/2X.375,HSS5-1/2X5-1/2X3/8,24.93,6.88,,,,
HSS5-1/2X5-1/2X5/16,HSS,HSS5-1/2X5-1/2X.313,HSS5-1/2X5-1/2X5/16,21.21,5.85,,,,
HSS5-1/2X5-1/2X1/4,HSS,HSS5-1/2X5-1/2X.250,HSS5-1/2X5-1/2X1/4,17.32,4.77,,,,
HSS5-1/2X5-1/2X3/16,HSS,HSS5-1/2X5-1/2X.188,HSS5-1/2X5-1/2X3/16,13.25,3.63,,,,
HSS5-1/2X5-1/2X1/8,HSS,HSS5-1/2X5-1/2X.125,HSS5-1/2X5-1/2X1/8,9.01,2.46,,,,
HSS5X5X1/2,HSS,HSS5X5X.500,HSS5X5X1/2,28.43,7.88,,,,
HSS5X5X3/8,HSS,HSS5X5X.375,HSS5X5X3/8,22.37,6.18,,,,
HSS5X5X5/16,HSS,HSS5X5X.313,HSS5X5X5/16,19.08,5.26,,,,
HSS5X5X1/4,HSS,HSS5X5X.250,HSS5X5X1/4,15.62,4.3,,,,
HSS5X5X3/16,HSS,HSS5X5X.188,HSS5X5X3/16,11.97,3.28,,,,
HSS5X5X1/8,HSS,HSS5X5X.125,HSS5X5X1/8,8.16,2.23,,,,
HSS5X4X1/2,HSS,HSS5X4X.500,HSS5X4X1/2,25.03,6.95,,,,
HSS5X4X3/8,HSS,HSS5X4X.375,HSS5X4X3/8,19.82,5.48,,,,
HSS5X4X5/16,HSS,HSS5X4X.313,HSS5X4X5/16,16.96,4.68,,,,
HSS5X4X1/4,HSS,HSS5X4X.250,HSS5X4X1/4,13.91,3.84,,,,
HSS5X4X3/16,HSS,HSS5X4X.188,HSS5X4X3/16,10.7,2.93,,,,
HSS5X4X1/8,HSS,HSS5X4X.125,HSS5X4X1/8,7.31,2.0,,,,
HSS5X3X1/2,HSS,HSS5X3X.500,HSS5X3X1/2,21.63,6.02,,,,
HSS5X3X3/8,HSS,HSS5X3X.375,HSS5X3X3/8,17.27,4.78,,,,
HSS5X3X5/16,HSS,HSS5X3X.313,HSS5X3X5/16,14.83,4.1,,,,
HSS5X3X1/4,HSS,HSS5X3X.250,HSS5X3X1/4,12.21,3.37,,,,
HSS5X3X3/16,HSS,HSS5X3X.188,HSS5X3X3/16,9.42,2.58,,,,
HSS5X3X1/8,HSS,HSS5X3X.125,HSS5X3X1/8,6.46,1.77,,,,
HSS5X2-1/2X1/4,HSS,HSS5X2-1/2X.250,HSS5X2-1/2X1/4,11.36,3.14,,,,
HSS5X2-1/2X3/16,HSS,HSS5X2-1/2X.188,HSS5X2-1/2X3/16,8.78,2.41,,,,
HSS5X2-1/2X1/8,HSS,HSS5X2-1/2X.125,HSS5X2-1/2X1/8,6.03,1.65,,,,
HSS5X2X3/8,HSS,HSS5X2X.375,HSS5X2X3/8,14.72,4.09,,,,
HSS5X2X5/16,HSS,HSS5X2X.313,HSS5X2X5/16,12.7,3.52,,,,
HSS5X2X1/4,HSS,HSS5X2X.250,HSS5X2X1/4,10.51,2.91,,,,
HSS5X2X3/16,HSS,HSS5X2X.188,HSS5X2X3/16,8.15,2.24,,,,
HSS5X2X1/8,HSS,HSS5X2X.125,HSS5X2X1/8,5.61,1.54,,,,
HSS4-1/2X4-1/2X1/2,HSS,HSS4-1/2X4-1/2X.500,HSS4-1/2X4-1/2X1/2,25.03,6.95,,,,
HSS4-1/2X4-1/2X3/8,HSS,HSS4-1/2X4-1/2X.375,HSS4-1/2X4-1/2X3/8,19.82,5.48,,,,
HSS4-1/2X4-1/2X5/16,HSS,HSS4-1/2X4-1/2X.313,HSS4-1/2X4-1/2X5/16,16.96,4.68,,,,
HSS4-1/2X4-1/2X1/4,HSS,HSS4-1/2X4-1/2X.250,HSS4-1/2X4-1/2X1/4,13.91,3.84,,,,
HSS4-1/2X4-1/2X3/16,HSS,HSS4-1/2X4-1/2X.188,HSS4-1/2X4-1/2X3/16,10.7,2.93,,,,
HSS4-1/2X4-1/2X1/8,HSS,HSS4-1/2X4-1/2X.125,HSS4-1/2X4-1/2X1/8,7.31,2.0,,,,
HSS4X4X1/2,HSS,HSS4X4X.500,HSS4X4X1/2,21.63,6.02,,,,
HSS4X4X3/8,HSS,HSS4X4X.375,HSS4X4X3/8,17.27,4.78,,,,
HSS4X4X5/16,HSS,HSS4X4X.313,HSS4X4X5/16,14.83,4.1,,,,
HSS4X4X1/4,HSS,HSS4X4X.250,HSS4X4X1/4,12.21,3.37,,,,
HSS4X4X3/16,HSS,HSS4X4X.188,HSS4X4X3/16,9.42,2.58,,,,
HSS4X4X1/8,HSS,HSS4X4X.125,HSS4X4X1/8,6.46,1.77,,,,
HSS4X3X3/8,HSS,HSS4X3X.375,HSS4X3X3/8,14.72,4.09,,,,
HSS4X3X5/16,HSS,HSS4X3X.313,HSS4X3X5/16,12.7,3.52,,,,
HSS4X3X1/4,HSS,HSS4X3X.250,HSS4X3X1/4,10.51,2.91,,,,
HSS4X3X3/16,HSS,HSS4X3X.188,HSS4X3X3/16,8.15,2.24,,,,
HSS4X3X1/8,HSS,HSS4X3X.125,HSS4X3X1/8,5.61,1.54,,,,
HSS4X2-1/2X1/4,HSS,HSS4X2-1/2X.250,HSS4X2-1/2X1/4,9.66,2.67,,,,
HSS4X2-1/2X3/16,HSS,HSS4X2-1/2X.188,HSS4X2-1/2X3/16,7.51,2.06,,,,
HSS4X2-1/2X1/8,HSS,HSS4X2-1/2X.125,HSS4X2-1/2X1/8,5.18,1.42,,,,
HSS4X2X3/8,HSS,HSS4X2X.375,HSS4X2X3/8,12.17,3.39,,,,
HSS4X2X5/16,HSS,HSS4X2X.313,HSS4X2X5/16,10.58,2.94,,,,
HSS4X2X1/4,HSS,HSS4X2X.250,HSS4X2X1/4,8.81,2.44,,,,
HSS4X2X3/16,HSS,HSS4X2X.188,HSS4X2X3/16,6.87,1.89,,,,
HSS4X2X1/8,HSS,HSS4X2X.125,HSS4X2X1/8,4.75,1.3,,,,
HSS4X1-1/2X1/4,HSS,HSS4X1-1/2X.250,HSS4X1-1/2X1/4,7.96,2.21,,,,
HSS4X1-1/2X3/16,HSS,HSS4X1-1/2X.188,HSS4X1-1/2X3/16,6.23,1.71,,,,
HSS4X1-1/2X1/8,HSS,HSS4X1-1/2X.125,HSS4X1-1/2X1/8,4.33,1.19,,,,
HSS3-1/2X3-1/2X3/8,HSS,HSS3-1/2X3-1/2X.375,HSS3-1/2X3-1/2X3/8,14.72,4.09,,,,
HSS3-1/2X3-1/2X5/16,HSS,HSS3-1/2X3-1/2X.313,HSS3-1/2X3-1/2X5/16,12.7,3.52,,,,
HSS3-1/2X3-1/2X1/4,HSS,HSS3-1/2X3-1/2X.250,HSS3-1/2X3-1/2X1/4,10.51,2.91,,,,
HSS3-1/2X3-1/2X3/16,HSS,HSS3-1/2X3-1/2X.188,HSS3-1/2X3-1/2X3/16,8.15,2.24,,,,
HSS3-1/2X3-1/2X1/8,HSS,HSS3-1/2X3-1/2X.125,HSS3-1/2X3-1/2X1/8,5.61,1.54,,,,
HSS3-1/2X2-1/2X3/8,HSS,HSS3-1/2X2-1/2X.375,HSS3-1/2X2-1/2X3/8,12.17,3.39,,,,
HSS3-1/2X2-1/2X5/16,HSS,HSS3-1/2X2-1/2X.313,HSS3-1/2X2-1/2X5/16,10.58,2.94,,,,
HSS3-1/2X2-1/2X1/4,HSS,HSS3-1/2X2-1/2X.250,HSS3-1/2X2-1/2X1/4,8.81,2.44,,,,
HSS3-1/2X2-1/2X3/16,HSS,HSS3-1/2X2-1/2X.188,HSS3-1/2X2-1/2X3/16,6.87,1.89,,,,
HSS3-1/2X2-1/2X1/8,HSS,HSS3-1/2X2-1/2X.125,HSS3-1/2X2-1/2X1/8,4.75,1.3,,,,
HSS3-1/2X2X1/4,HSS,HSS3-1/2X2X.250,HSS3-1/2X2X1/4,7.96,2.21,,,,
HSS3-1/2X2X3/16,HSS,HSS3-1/2X2X.188,HSS3-1/2X2X3/16,6.23,1.71,,,,
HSS3-1/2X2X1/8,HSS,HSS3-1/2X2X.125,HSS3-1/2X2X1/8,4.33,1.19,,,,
HSS3-1/2X1-1/2X1/4,HSS,HSS3-1/2X1-1/2X.250,HSS3-1/2X1-1/2X1/4,7.11,1.97,,,,
HSS3-1/2X1-1/2X3/16,HSS,HSS3-1/2X1-1/2X.188,HSS3-1/2X1-1/2X3/16,5.59,1.54,,,,
HSS3-1/2X1-1/2X1/8,HSS,HSS3-1/2X1-1/2X.125,HSS3-1/2X1-1/2X1/8,3.9,1.07,,,,
HSS3X3X3/8,HSS,HSS3X3X.375,HSS3X3X3/8,12.17,3.39,,,,
HSS3X3X5/16,HSS,HSS3X3X.313,HSS3X3X5/16,10.58,2.94,,,,
HSS3X3X1/4,HSS,HSS3X3X.250,HSS3X3X1/4,8.81,2.44,,,,
HSS3X3X3/16,HSS,HSS3X3X.188,HSS3X3X3/16,6.87,1.89,,,,
HSS3X3X1/8,HSS,HSS3X3X.125,HSS3X3X1/8,4.75,1.3,,,,
HSS3X2-1/2X5/16,HSS,HSS3X2-1/2X.313,HSS3X2-1/2X5/16,9.51,2.64,,,,
HSS3X2-1/2X1/4,HSS,HSS3X2-1/2X.250,HSS3X2-1/2X1/4,7.96,2.21,,,,
HSS3X2-1/2X3/16,HSS,HSS3X2-1/2X.188,HSS3X2-1/2X3/16,6.23,1.71,,,,
HSS3X2-1/2X1/8,HSS,HSS3X2-1/2X.125,HSS3X2-1/2X1/8,4.33,1.19,,,,
HSS3X2X5/16,HSS,HSS3X2X.313,HSS3X2X5/16,8.45,2.35,,,,
HSS3X2X1/4,HSS,HSS3X2X.250,HSS3X2X1/4,7.11,1.97,,,,
HSS3X2X3/16,HSS,HSS3X2X.188,HSS3X2X3/16,5.59,1.54,,,,
HSS3X2X1/8,HSS,HSS3X2X.125,HSS3X2X1/8,3.9,1.07,,,,
HSS3X1-1/2X1/4,HSS,HSS3X1-1/2X.250,HSS3X1-1/2X1/4,6.26,1.74,,,,
HSS3X1-1/2X3/16,HSS,HSS3X1-1/2X.188,HSS3X1-1/2X3/16,4.96,1.37,,,,
HSS3X1-1/2X1/8,HSS,HSS3X1-1/2X.125,HSS3X1-1/2X1/8,3.48,0.96,,,,
HSS3X1X3/16,HSS,HSS3X1X.188,HSS3X1X3/16,4.32,1.19,,,,
HSS3X1X1/8,HSS,HSS3X1X.125,HSS3X1X1/8,3.05,0.84,,,,
HSS2-1/2X2-1/2X5/16,HSS,HSS2-1/2X2-1/2X.313,HSS2-1/2X2-1/2X5/16,8.45,2.35,,,,
HSS2-1/2X2-1/2X1/4,HSS,HSS2-1/2X2-1/2X.250,HSS2-1/2X2-1/2X1/4,7.11,1.97,,,,
HSS2-1/2X2-1/2X3/16,HSS,HSS2-1/2X2-1/2X.188,HSS2-1/2X2-1/2X3/16,5.59,1.54,,,,
HSS2-1/2X2-1/2X1/8,HSS,HSS2-1/2X2-1/2X.125,HSS2-1/2X2-1/2X1/8,3.9,1.07,,,,
HSS2-1/2X2X1/4,HSS,HSS2-1/2X2X.250,HSS2-1/2X2X1/4,6.26,1.74,,,,
HSS2-1/2X2X3/16,HSS,HSS2-1/2X2X.188,HSS2-1/2X2X3/16,4.96,1.37,,,,
HSS2-1/2X2X1/8,HSS,HSS2-1/2X2X.125,HSS2-1/2X2X1/8,3.48,0.96,,,,
HSS2-1/2X1-1/2X1/4,HSS,HSS2-1/2X1-1/2X.250,HSS2-1/2X1-1/2X1/4,5.41,1.51,,,,
HSS2-1/2X1-1/2X3/16,HSS,HSS2-1/2X1-1/2X.188,HSS2-1/2X1-1/2X3/16,4.32,1.19,,,,
HSS2-1/2X1-1/2X1/8,HSS,HSS2-1/2X1-1/2X.125,HSS2-1/2X1-1/2X1/8,3.05,0.84,,,,
HSS2-1/2X1X3/16,HSS,HSS2-1/2X1X.188,HSS2-1/2X1X3/16,3.68,1.02,,,,
HSS2-1/2X1X1/8,HSS,HSS2-1/2X1X.125,HSS2-1/2X1X1/8,2.63,0.72,,,,
HSS2-1/4X2-1/4X1/4,HSS,HSS2-1/4X2-1/4X.250,HSS2-1/4X2-1/4X1/4,6.26,1.74,,,,
HSS2-1/4X2-1/4X3/16,HSS,HSS2-1/4X2-1/4X.188,HSS2-1/4X2-1/4X3/16,4.96,1.37,,,,
HSS2-1/4X2-1/4X1/8,HSS,HSS2-1/4X2-1/4X.125,HSS2-1/4X2-1/4X1/8,3.48,0.96,,,,
HSS2X2X1/4,HSS,HSS2X2X.250,HSS2X2X1/4,5.41,1.51,,,,
HSS2X2X3/16,HSS,HSS2X2X.188,HSS2X2X3/16,4.32,1.19,,,,
HSS2X2X1/8,HSS,HSS2X2X.125,HSS2X2X1/8,3.05,0.84,,,,
HSS2X1-1/2X3/16,HSS,HSS2X1-1/2X.188,HSS2X1-1/2X3/16,3.68,1.02,,,,
HSS2X1-1/2X1/8,HSS,HSS2X1-1/2X.125,HSS2X1-1/2X1/8,2.63,0.72,,,,
HSS2X1X3/16,HSS,HSS2X1X.188,HSS2X1X3/16,3.04,0.84,,,,
HSS2X1X1/8,HSS,HSS2X1X.125,HSS2X1X1/8,2.2,0.61,,,,
HSS1-1/2X1-1/2X1/4,HSS,HSS1-1/2X1-1/2X.250,HSS1-1/2X1-1/2X1/4,3.71,1.04,,,,
HSS1-1/2X1-1/2X3/16,HSS,HSS1-1/2X1-1/2X.188,HSS1-1/2X1-1/2X3/16,3.04,0.84,,,,
HSS1-1/2X1-1/2X1/8,HSS,HSS1-1/2X1-1/2X.125,HSS1-1/2X1-1/2X1/8,2.2,0.61,,,,
HSS28.000X1.000,HSS,HSS28X1.000,HSS28.000X1.000,288.63,79.1,,,,
HSS28.000X0.875,HSS,HSS28X.875,HSS28.000X0.875,253.72,69.5,,,,
HSS28.000X0.750,HSS,HSS28X.750,HSS28.000X0.750,218.48,59.8,,,,
HSS28.000X0.625,HSS,HSS28X.625,HSS28.000X0.625,182.9,50.1,,,,
HSS28.000X0.500,HSS,HSS28X.500,HSS28.000X0.500,146.99,40.2,,,,
HSS28.000X0.375,HSS,HSS28X.375,HSS28.000X0.375,110.74,30.3,,,,
HSS26.000X0.750,HSS,HSS26X.750,HSS26.000X0.750,202.44,55.4,,,,
HSS26.000X0.625,HSS,HSS26X.625,HSS26.000X0.625,169.54,46.4,,,,
HSS26.000X0.500,HSS,HSS26X.500,HSS26.000X0.500,136.3,37.3,,,,
HSS26.000X0.375,HSS,HSS26X.375,HSS26.000X0.375,102.73,28.1,,,,
HSS26.000X0.313,HSS,HSS26X.313,HSS26.000X0.313,85.81,23.5,,,,
HSS24.000X1.000,HSS,HSS24X1.000,HSS24.000X1.000,245.87,67.4,,,,
HSS24.000X0.875,HSS,HSS24X.875,HSS24.000X0.875,216.31,59.3,,,,
HSS24.000X0.750,HSS,HSS24X.750,HSS24.000X0.750,186.41,51.1,,,,
HSS24.000X0.625,HSS,HSS24X.625,HSS24.000X0.625,156.18,42.8,,,,
HSS24.000X0.500,HSS,HSS24X.500,HSS24.000X0.500,125.61,34.4,,,,
HSS24.000X0.375,HSS,HSS24X.375,HSS24.000X0.375,94.71,25.9,,,,
HSS24.000X0.313,HSS,HSS24X.313,HSS24.000X0.313,79.13,21.6,,,,
HSS22.000X0.750,HSS,HSS22X.750,HSS22.000X0.750,170.37,46.7,,,,
HSS22.000X0.625,HSS,HSS22X.625,HSS22.000X0.625,142.81,39.1,,,,
HSS22.000X0.500,HSS,HSS22X.500,HSS22.000X0.500,114.92,31.5,,,,
HSS22.000X0.375,HSS,HSS22X.375,HSS22.000X0.375,86.69,23.7,,,,
HSS22.000X0.313,HSS,HSS22X.313,HSS22.000X0.313,72.45,19.8,,,,
HSS20.000X1.000,HSS,HSS20X1.000,HSS20.000X1.000,203.11,55.7,,,,
HSS20.000X0.875,HSS,HSS20X.875,HSS20.000X0.875,178.89,49.0,,,,
HSS20.000X0.750,HSS,HSS20X.750,HSS20.000X0.750,154.34,42.3,,,,
HSS20.000X0.625,HSS,HSS20X.625,HSS20.000X0.625,129.45,35.5,,,,
HSS20.000X0.500,HSS,HSS20X.500,HSS20.000X0.500,104.0,28.5,,,,
HSS20.000X0.375,HSS,HSS20X.375,HSS20.000X0.375,78.67,21.5,,,,
HSS20.000X0.313,HSS,HSS20X.313,HSS20.000X0.313,65.77,18.0,,,,
HSS20.000X0.250,HSS,HSS20X.250,HSS20.000X0.250,52.78,14.4,,,,
HSS18.000X1.000,HSS,HSS18X1.000,HSS18.000X1.000,181.73,49.9,,,,
HSS18.000X0.875,HSS,HSS18X.875,HSS18.000X0.875,160.19,43.9,,,,
HSS18.000X0.750,HSS,HSS18X.750,HSS18.000X0.750,138.3,37.9,,,,
HSS18.000X0.625,HSS,HSS18X.625,HSS18.000X0.625,116.09,31.8,,,,
HSS18.000X0.500,HSS,HSS18X.500,HSS18.000X0.500,93.54,25.6,,,,
HSS18.000X0.375,HSS,HSS18X.375,HSS18.000X0.375,70.66,19.4,,,,
HSS18.000X0.313,HSS,HSS18X.313,HSS18.000X0.313,59.09,16.2,,,,
HSS18.000X0.250,HSS,HSS18X.250,HSS18.000X0.250,47.44,13.0,,,,
HSS16.000X1.000,HSS,HSS16X1.000,HSS16.000X1.000,160.35,44.0,,,,
HSS16.000X0.875,HSS,HSS16X.875,HSS16.000X0.875,141.48,38.8,,,,
HSS16.000X0.750,HSS,HSS16X.750,HSS16.000X0.750,122.27,33.5,,,,
HSS16.000X0.625,HSS,HSS16X.625,HSS16.000X0.625,103.0,28.1,,,,
HSS16.000X0.500,HSS,HSS16X.500,HSS16.000X0.500,82.85,22.7,,,,
HSS16.000X0.438,HSS,HSS16X.438,HSS16.000X0.438,72.87,19.9,,,,
HSS16.000X0.375,HSS,HSS16X.375,HSS16.000X0.375,62.64,17.2,,,,
HSS16.000X0.312,HSS,HSS16X.312,HSS16.000X0.312,52.32,14.4,,,,
HSS16.000X0.250,HSS,HSS16X.250,HSS16.000X0.250,42.09,11.5,,,,
HSS14.000X1.000,HSS,HSS14X1.000,HSS14.000X1.000,138.97,38.2,,,,
HSS14.000X0.875,HSS,HSS14X.875,HSS14.000X0.875,122.77,33.7,,,,
HSS14.000X0.750,HSS,HSS14X.750,HSS14.000X0.750,106.23,29.1,,,,
HSS14.000X0.625,HSS,HSS14X.625,HSS14.000X0.625,89.36,24.5,,,,
HSS14.000X0.500,HSS,HSS14X.500,HSS14.000X0.500,72.16,19.8,,,,
HSS14.000X0.375,HSS,HSS14X.375,HSS14.000X0.375,54.62,15.0,,,,
HSS14.000X0.312,HSS,HSS14X.312,HSS14.000X0.312,45.65,12.5,,,,
HSS14.000X0.250,HSS,HSS14X.250,HSS14.000X0.250,36.75,10.1,,,,
HSS14.000X0.188,HSS,HSS14X.188,HSS14.000X0.188,27.69,7.57,,,,
HSS13.375X0.625,HSS,HSS13.375X.625,HSS13.375X0.625,85.19,23.4,,,,
HSS13.375X0.500,HSS,HSS13.375X.500,HSS13.375X0.500,68.82,18.9,,,,
HSS13.375X0.375,HSS,HSS13.375X.375,HSS13.375X0.375,52.11,14.3,,,,
HSS13.375X0.313,HSS,HSS13.375X.313,HSS13.375X0.313,43.64,11.9,,,,
HSS13.375X0.250,HSS,HSS13.375X.250,HSS13.375X0.250,35.08,9.6,,,,
HSS13.375X0.188,HSS,HSS13.375X.188,HSS13.375X0.188,26.43,7.23,,,,
HSS12.750X0.750,HSS,HSS12.75X.750,HSS12.750X0.750,96.21,26.4,,,,
HSS12.750X0.625,HSS,HSS12.75X.625,HSS12.750X0.625,81.01,22.2,,,,
HSS12.750X0.500,HSS,HSS12.75X.500,HSS12.750X0.500,65.48,17.9,,,,
HSS12.750X0.375,HSS,HSS12.75X.375,HSS12.750X0.375,49.61,13.6,,,,
HSS12.750X0.250,HSS,HSS12.75X.250,HSS12.750X0.250,33.41,9.16,,,,
HSS12.750X0.188,HSS,HSS12.75X.188,HSS12.750X0.188,25.18,6.89,,,,
HSS12.000X0.625,HSS,HSS12X.625,HSS12.000X0.625,76.0,20.9,,,,
HSS12.000X0.500,HSS,HSS12X.500,HSS12.000X0.500,61.47,16.9,,,,
HSS12.000X0.375,HSS,HSS12X.375,HSS12.000X0.375,46.6,12.8,,,,
HSS12.000X0.250,HSS,HSS12X.250,HSS12.000X0.250,31.4,8.6,,,,
HSS11.750X0.625,HSS,HSS11.75X.625,HSS11.750X0.625,74.33,20.4,,,,
HSS11.750X0.500,HSS,HSS11.75X.500,HSS11.750X0.500,60.13,16.5,,,,
HSS11.750X0.375,HSS,HSS11.75X.375,HSS11.750X0.375,45.6,12.5,,,,
HSS11.750X0.337,HSS,HSS11.75X.337,HSS11.750X0.337,41.12,11.3,,,,
HSS11.750X0.250,HSS,HSS11.75X.250,HSS11.750X0.250,30.73,8.41,,,,
HSS10.750X0.625,HSS,HSS10.75X.625,HSS10.750X0.625,67.65,18.6,,,,
HSS10.750X0.500,HSS,HSS10.75X.500,HSS10.750X0.500,54.79,15.0,,,,
HSS10.750X0.375,HSS,HSS10.75X.375,HSS10.750X0.375,41.59,11.4,,,,
HSS10.750X0.313,HSS,HSS10.75X.313,HSS10.750X0.313,34.87,9.55,,,,
HSS10.750X0.250,HSS,HSS10.75X.250,HSS10.750X0.250,28.06,7.7,,,,
HSS10.750X0.188,HSS,HSS10.75X.188,HSS10.750X0.188,21.17,5.79,,,,
HSS10.000X0.625,HSS,HSS10X.625,HSS10.000X0.625,62.64,17.2,,,,
HSS10.000X0.500,HSS,HSS10X.500,HSS10.000X0.500,50.78,13.9,,,,
HSS10.000X0.375,HSS,HSS10X.375,HSS10.000X0.375,38.58,10.6,,,,
HSS10.000X0.312,HSS,HSS10X.312,HSS10.000X0.312,32.31,8.88,,,,
HSS10.000X0.250,HSS,HSS10X.250,HSS10.000X0.250,26.06,7.15,,,,
HSS10.000X0.188,HSS,HSS10X.188,HSS10.000X0.188,19.72,5.37,,,,
HSS9.625X0.625,HSS,HSS9.625X.625,HSS9.625X0.625,60.13,16.5,,,,
HSS9.625X0.500,HSS,HSS9.625X.500,HSS9.625X0.500,48.77,13.4,,,,
HSS9.625X0.375,HSS,HSS9.625X.375,HSS9.625X0.375,37.08,10.2,,,,
HSS9.625X0.312,HSS,HSS9.625X.312,HSS9.625X0.312,31.06,8.53,,,,
HSS9.625X0.250,HSS,HSS9.625X.250,HSS9.625X0.250,25.06,6.87,,,,
HSS9.625X0.188,HSS,HSS9.625X.188,HSS9.625X0.188,18.97,5.17,,,,
HSS8.625X0.625,HSS,HSS8.625X.625,HSS8.625X0.625,53.45,14.7,,,,
HSS8.625X0.500,HSS,HSS8.625X.500,HSS8.625X0.500,43.43,11.9,,,,
HSS8.625X0.375,HSS,HSS8.625X.375,HSS8.625X0.375,33.07,9.07,,,,
HSS8.625X0.322,HSS,HSS8.625X.322,HSS8.625X0.322,28.58,7.85,,,,
HSS8.625X0.250,HSS,HSS8.625X.250,HSS8.625X0.250,22.38,6.14,,,,
HSS8.625X0.188,HSS,HSS8.625X.188,HSS8.625X0.188,16.96,4.62,,,,
HSS7.500X0.500,HSS,HSS7.5X.500,HSS7.500X0.500,37.42,10.3,,,,
HSS7.500X0.375,HSS,HSS7.5X.375,HSS7.500X0.375,28.56,7.84,,,,
HSS7.500X0.312,HSS,HSS7.5X.312,HSS7.500X0.312,23.97,6.59,,,,
HSS7.500X0.250,HSS,HSS7.5X.250,HSS7.500X0.250,19.38,5.32,,,,
HSS7.500X0.188,HSS,HSS7.5X.188,HSS7.500X0.188,14.7,4.0,,,,
HSS7.000X0.500,HSS,HSS7X.500,HSS7.000X0.500,34.74,9.55,,,,
HSS7.000X0.375,HSS,HSS7X.375,HSS7.000X0.375,26.56,7.29,,,,
HSS7.000X0.312,HSS,HSS7X.312,HSS7.000X0.312,22.31,6.13,,,,
HSS7.000X0.250,HSS,HSS7X.250,HSS7.000X0.250,18.04,4.95,,,,
HSS7.000X0.188,HSS,HSS7X.188,HSS7.000X0.188,13.69,3.73,,,,
HSS7.000X0.125,HSS,HSS7X.125,HSS7.000X0.125,9.19,2.51,,,,
HSS6.875X0.375,HSS,HSS6.875X.375,HSS6.875X0.375,26.06,7.16,,,,
HSS6.875X0.312,HSS,HSS6.875X.312,HSS6.875X0.312,21.89,6.02,,,,
HSS6.875X0.250,HSS,HSS6.875X.250,HSS6.875X0.250,17.71,4.86,,,,
HSS6.875X0.188,HSS,HSS6.875X.188,HSS6.875X0.188,13.44,3.66,,,,
HSS6.625X0.500,HSS,HSS6.625X.500,HSS6.625X0.500,32.74,9.0,,,,
HSS6.625X0.432,HSS,HSS6.625X.432,HSS6.625X0.432,28.6,7.86,,,,
HSS6.625X0.375,HSS,HSS6.625X.375,HSS6.625X0.375,25.06,6.88,,,,
HSS6.625X0.312,HSS,HSS6.625X.312,HSS6.625X0.312,21.06,5.79,,,,
HSS6.625X0.280,HSS,HSS6.625X.280,HSS6.625X0.280,18.99,5.2,,,,
HSS6.625X0.250,HSS,HSS6.625X.250,HSS6.625X0.250,17.04,4.68,,,,
HSS6.625X0.188,HSS,HSS6.625X.188,HSS6.625X0.188,12.94,3.53,,,,
HSS6.625X0.125,HSS,HSS6.625X.125,HSS6.625X0.125,8.69,2.37,,,,
HSS6.000X0.500,HSS,HSS6X.500,HSS6.000X0.500,29.4,8.09,,,,
HSS6.000X0.375,HSS,HSS6X.375,HSS6.000X0.375,22.55,6.2,,,,
HSS6.000X0.312,HSS,HSS6X.312,HSS6.000X0.312,18.97,5.22,,,,
HSS6.000X0.280,HSS,HSS6X.280,HSS6.000X0.280,17.12,4.69,,,,
HSS6.000X0.250,HSS,HSS6X.250,HSS6.000X0.250,15.37,4.22,,,,
HSS6.000X0.188,HSS,HSS6X.188,HSS6.000X0.188,11.68,3.18,,,,
HSS6.000X0.125,HSS,HSS6X.125,HSS6.000X0.125,7.85,2.14,,,,
HSS5.563X0.500,HSS,HSS5.563X.500,HSS5.563X0.500,27.06,7.45,,,,
HSS5.563X0.375,HSS,HSS5.563X.375,HSS5.563X0.375,20.8,5.72,,,,
HSS5.563X0.258,HSS,HSS5.563X.258,HSS5.563X0.258,14.63,4.01,,,,
HSS5.563X0.188,HSS,HSS5.563X.188,HSS5.563X0.188,10.8,2.95,,,,
HSS5.563X0.134,HSS,HSS5.563X.134,HSS5.563X0.134,7.78,2.12,,,,
HSS5.500X0.500,HSS,HSS5.5X.500,HSS5.500X0.500,26.73,7.36,,,,
HSS5.500X0.375,HSS,HSS5.5X.375,HSS5.500X0.375,20.55,5.65,,,,
HSS5.500X0.258,HSS,HSS5.5X.258,HSS5.500X0.258,14.46,3.97,,,,
HSS5.000X0.500,HSS,HSS5X.500,HSS5.000X0.500,24.05,6.62,,,,
HSS5.000X0.375,HSS,HSS5X.375,HSS5.000X0.375,18.54,5.1,,,,
HSS5.000X0.312,HSS,HSS5X.312,HSS5.000X0.312,15.64,4.3,,,,
HSS5.000X0.258,HSS,HSS5X.258,HSS5.000X0.258,13.08,3.59,,,,
HSS5.000X0.250,HSS,HSS5X.250,HSS5.000X0.250,12.69,3.49,,,,
HSS5.000X0.188,HSS,HSS5X.188,HSS5.000X0.188,9.67,2.64,,,,
HSS5.000X0.125,HSS,HSS5X.125,HSS5.000X0.125,6.51,1.78,,,,
HSS4.500X0.375,HSS,HSS4.5X.375,HSS4.500X0.375,16.54,4.55,,,,
HSS4.500X0.337,HSS,HSS4.5X.337,HSS4.500X0.337,15.0,4.12,,,,
HSS4.500X0.237,HSS,HSS4.5X.237,HSS4.500X0.237,10.8,2.96,,,,
HSS4.500X0.188,HSS,HSS4.5X.188,HSS4.500X0.188,8.67,2.36,,,,
HSS4.500X0.125,HSS,HSS4.5X.125,HSS4.500X0.125,5.85,1.6,,,,
HSS4.000X0.313,HSS,HSS4X.313,HSS4.000X0.313,12.34,3.39,,,,
HSS4.000X0.250,HSS,HSS4X.250,HSS4.000X0.250,10.0,2.76,,,,
HSS4.000X0.237,HSS,HSS4X.237,HSS4.000X0.237,9.53,2.61,,,,
HSS4.000X0.226,HSS,HSS4X.226,HSS4.000X0.226,9.12,2.5,,,,
HSS4.000X0.220,HSS,HSS4X.220,HSS4.000X0.220,8.89,2.44,,,,
HSS4.000X0.188,HSS,HSS4X.188,HSS4.000X0.188,7.66,2.09,,,,
HSS4.000X0.125,HSS,HSS4X.125,HSS4.000X0.125,5.18,1.42,,,,
HSS3.500X0.313,HSS,HSS3.5X.313,HSS3.500X0.313,10.66,2.93,,,,
HSS3.500X0.300,HSS,HSS3.5X.300,HSS3.500X0.300,10.26,2.82,,,,
HSS3.500X0.250,HSS,HSS3.5X.250,HSS3.500X0.250,8.69,2.39,,,,
HSS3.500X0.216,HSS,HSS3.5X.216,HSS3.500X0.216,7.58,2.08,,,,
HSS3.500X0.203,HSS,HSS3.5X.203,HSS3.500X0.203,7.15,1.97,,,,
HSS3.500X0.188,HSS,HSS3.5X.188,HSS3.500X0.188,6.66,1.82,,,,
HSS3.500X0.125,HSS,HSS3.5X.125,HSS3.500X0.125,4.51,1.23,,,,
HSS3.000X0.250,HSS,HSS3X.250,HSS3.000X0.250,7.35,2.03,,,,
HSS3.000X0.216,HSS,HSS3X.216,HSS3.000X0.216,6.43,1.77,,,,
HSS3.000X0.203,HSS,HSS3X.203,HSS3.000X0.203,6.07,1.67,,,,
HSS3.000X0.188,HSS,HSS3X.188,HSS3.000X0.188,5.65,1.54,,,,
HSS3.000X0.152,HSS,HSS3X.152,HSS3.000X0.152,4.63,1.27,,,,
HSS3.000X0.134,HSS,HSS3X.134,HSS3.000X0.134,4.11,1.12,,,,
HSS3.000X0.125,HSS,HSS3X.125,HSS3.000X0.125,3.84,1.05,,,,
HSS2.875X0.250,HSS,HSS2.875X.250,HSS2.875X0.250,7.02,1.93,,,,
HSS2.875X0.203,HSS,HSS2.875X.203,HSS2.875X0.203,5.8,1.59,,,,
HSS2.875X0.188,HSS,HSS2.875X.188,HSS2.875X0.188,5.4,1.48,,,,
HSS2.875X0.125,HSS,HSS2.875X.125,HSS2.875X0.125,3.67,1.01,,,,
HSS2.500X0.250,HSS,HSS2.5X.250,HSS2.500X0.250,6.01,1.66,,,,
HSS2.500X0.188,HSS,HSS2.5X.188,HSS2.500X0.188,4.65,1.27,,,,
HSS2.500X0.125,HSS,HSS2.5X.125,HSS2.500X0.125,3.17,0.87,,,,
HSS2.375X0.250,HSS,HSS2.375X.250,HSS2.375X0.250,5.68,1.57,,,,
HSS2.375X0.218,HSS,HSS2.375X.218,HSS2.375X0.218,5.03,1.39,,,,
HSS2.375X0.188,HSS,HSS2.375X.188,HSS2.375X0.188,4.4,1.2,,,,
HSS2.375X0.154,HSS,HSS2.375X.154,HSS2.375X0.154,3.66,1.0,,,,
HSS2.375X0.125,HSS,HSS2.375X.125,HSS2.375X0.125,3.01,0.82,,,,
HSS1.900X0.188,HSS,HSS1.9X.188,HSS1.900X0.188,3.44,0.94,,,,
HSS1.900X0.145,HSS,HSS1.9X.145,HSS1.900X0.145,2.72,0.75,,,,
HSS1.900X0.120,HSS,HSS1.9X.120,HSS1.900X0.120,2.28,0.62,,,,
HSS1.660X0.140,HSS,HSS1.66X.140,HSS1.660X0.140,2.27,0.62,,,,
PIPE26STD,PIPE,PIPE26STD,PIPE26STD,103.0,28.2,,,,
PIPE24STD,PIPE,PIPE24SCH20,PIPE24STD,94.7,26.0,,,,
PIPE20STD,PIPE,PIPE20SCH20,PIPE20STD,78.7,21.6,,,,
PIPE18STD,PIPE,PIPE18STD,PIPE18STD,70.7,19.4,,,,
PIPE16STD,PIPE,PIPE16SCH30,PIPE16STD,62.6,17.2,,,,
PIPE14STD,PIPE,PIPE14SCH30,PIPE14STD,54.6,15.0,,,,
PIPE12STD,PIPE,PIPE12STD,PIPE12STD,49.6,13.7,,,,
PIPE10STD,PIPE,PIPE10SCH40,PIPE10STD,40.5,11.5,,,,
PIPE8STD,PIPE,PIPE8SCH40,PIPE8STD,28.6,7.85,,,,
PIPE6STD,PIPE,PIPE6SCH40,PIPE6STD,19.0,5.2,,,,
PIPE5STD,PIPE,PIPE5SCH40,PIPE5STD,14.6,4.01,,,,
PIPE4STD,PIPE,PIPE4SCH40,PIPE4STD,10.8,2.96,,,,
PIPE3-1/2STD,PIPE,PIPE3-1/2SCH40,PIPE3-1/2STD,9.12,2.5,,,,
PIPE3STD,PIPE,PIPE3SCH40,PIPE3STD,7.58,2.07,,,,
PIPE2-1/2STD,PIPE,PIPE2-1/2SCH40,PIPE2-1/2STD,5.8,1.61,,,,
PIPE2STD,PIPE,PIPE2SCH40,PIPE2STD,3.66,1.02,,,,
PIPE1-1/2STD,PIPE,PIPE1-1/2SCH40,PIPE1-1/2STD,2.72,0.75,,,,
PIPE1-1/4STD,PIPE,PIPE1-1/4SCH40,PIPE1-1/4STD,2.27,0.62,,,,
PIPE1STD,PIPE,PIPE1SCH40,PIPE1STD,1.68,0.47,,,,
PIPE3/4STD,PIPE,PIPE3/4SCH40,PIPE3/4STD,1.13,0.31,,,,
PIPE1/2STD,PIPE,PIPE1/2SCH40,PIPE1/2STD,0.85,0.23,,,,
PIPE26XS,PIPE,PIPE26SCH20,PIPE26XS,136.0,36.1,,,,
PIPE24XS,PIPE,PIPE24XS,PIPE24XS,126.0,33.3,,,,
PIPE20XS,PIPE,PIPE20SCH30,PIPE20XS,104.0,27.6,,,,
PIPE18XS,PIPE,PIPE18XS,PIPE18XS,93.5,24.8,,,,
PIPE16XS,PIPE,PIPE16SCH40,PIPE16XS,82.9,22.0,,,,
PIPE14XS,PIPE,PIPE14XS,PIPE14XS,72.2,19.2,,,,
PIPE12XS,PIPE,PIPE12XS,PIPE12XS,65.5,17.5,,,,
PIPE10XS,PIPE,PIPE10SCH80,PIPE10XS,54.8,15.1,,,,
PIPE8XS,PIPE,PIPE8SCH80,PIPE8XS,43.4,11.9,,,,
PIPE6XS,PIPE,PIPE6SCH80,PIPE6XS,28.6,7.83,,,,
PIPE5XS,PIPE,PIPE5SCH80,PIPE5XS,20.8,5.73,,,,
PIPE4XS,PIPE,PIPE4SCH80,PIPE4XS,15.0,4.14,,,,
PIPE3-1/2XS,PIPE,PIPE3-1/2SCH80,PIPE3-1/2XS,12.5,3.43,,,,
PIPE3XS,PIPE,PIPE3SCH80,PIPE3XS,10.3,2.83,,,,
PIPE2-1/2XS,PIPE,PIPE2-1/2SCH80,PIPE2-1/2XS,7.67,2.1,,,,
PIPE2XS,PIPE,PIPE2SCH80,PIPE2XS,5.03,1.4,,,,
PIPE1-1/2XS,PIPE,PIPE1-1/2SCH80,PIPE1-1/2XS,3.63,1.0,,,,
PIPE1-1/4XS,PIPE,PIPE1-1/4SCH80,PIPE1-1/4XS,3.0,0.84,,,,
PIPE1XS,PIPE,PIPE1SCH80,PIPE1XS,2.17,0.6,,,,
PIPE3/4XS,PIPE,PIPE3/4SCH80,PIPE3/4XS,1.48,0.41,,,,
PIPE1/2XS,PIPE,PIPE1/2SCH80,PIPE1/2XS,1.09,0.3,,,,
PIPE12XXS,PIPE,PIPE12SCH120,PIPE12XXS,126.0,35.4,,,,
PIPE10XXS,PIPE,PIPE10SCH140,PIPE10XXS,104.0,28.8,,,,
PIPE8XXS,PIPE,PIPE8XXS,PIPE8XXS,72.5,20.0,,,,
PIPE6XXS,PIPE,PIPE6XXS,PIPE6XXS,53.2,14.7,,,,
PIPE5XXS,PIPE,PIPE5XXS,PIPE5XXS,38.6,10.7,,,,
PIPE4XXS,PIPE,PIPE4XXS,PIPE4XXS,27.6,7.66,,,,
PIPE3XXS,PIPE,PIPE3XXS,PIPE3XXS,18.6,5.17,,,,
PIPE2-1/2XXS,PIPE,PIPE2-1/2XXS,PIPE2-1/2XXS,13.7,3.83,,,,
PIPE2XXS,PIPE,PIPE2XXS,PIPE2XXS,9.04,2.51,,,,
